SpineBase							SpineMid							Neck							Head							ShoulderLeft							ElbowLeft							WristLeft							HandLeft							ShoulderRight							ElbowRight							WristRight							HandRight							HipLeft							KneeLeft							AnkleLeft							FootLeft							HipRight							KneeRight							AnkleRight							FootRight							SpineShoulder							HandTipLeft							ThumbLeft							HandTipRight							ThumbRight							
Position.X;Position.Y;Position.Z;Orientation.X;Orientation.Y;Orientation.Z;Orientation.W;Position.X;Position.Y;Position.Z;Orientation.X;Orientation.Y;Orientation.Z;Orientation.W;Position.X;Position.Y;Position.Z;Orientation.X;Orientation.Y;Orientation.Z;Orientation.W;Position.X;Position.Y;Position.Z;Orientation.X;Orientation.Y;Orientation.Z;Orientation.W;Position.X;Position.Y;Position.Z;Orientation.X;Orientation.Y;Orientation.Z;Orientation.W;Position.X;Position.Y;Position.Z;Orientation.X;Orientation.Y;Orientation.Z;Orientation.W;Position.X;Position.Y;Position.Z;Orientation.X;Orientation.Y;Orientation.Z;Orientation.W;Position.X;Position.Y;Position.Z;Orientation.X;Orientation.Y;Orientation.Z;Orientation.W;Position.X;Position.Y;Position.Z;Orientation.X;Orientation.Y;Orientation.Z;Orientation.W;Position.X;Position.Y;Position.Z;Orientation.X;Orientation.Y;Orientation.Z;Orientation.W;Position.X;Position.Y;Position.Z;Orientation.X;Orientation.Y;Orientation.Z;Orientation.W;Position.X;Position.Y;Position.Z;Orientation.X;Orientation.Y;Orientation.Z;Orientation.W;Position.X;Position.Y;Position.Z;Orientation.X;Orientation.Y;Orientation.Z;Orientation.W;Position.X;Position.Y;Position.Z;Orientation.X;Orientation.Y;Orientation.Z;Orientation.W;Position.X;Position.Y;Position.Z;Orientation.X;Orientation.Y;Orientation.Z;Orientation.W;Position.X;Position.Y;Position.Z;Orientation.X;Orientation.Y;Orientation.Z;Orientation.W;Position.X;Position.Y;Position.Z;Orientation.X;Orientation.Y;Orientation.Z;Orientation.W;Position.X;Position.Y;Position.Z;Orientation.X;Orientation.Y;Orientation.Z;Orientation.W;Position.X;Position.Y;Position.Z;Orientation.X;Orientation.Y;Orientation.Z;Orientation.W;Position.X;Position.Y;Position.Z;Orientation.X;Orientation.Y;Orientation.Z;Orientation.W;Position.X;Position.Y;Position.Z;Orientation.X;Orientation.Y;Orientation.Z;Orientation.W;Position.X;Position.Y;Position.Z;Orientation.X;Orientation.Y;Orientation.Z;Orientation.W;Position.X;Position.Y;Position.Z;Orientation.X;Orientation.Y;Orientation.Z;Orientation.W;Position.X;Position.Y;Position.Z;Orientation.X;Orientation.Y;Orientation.Z;Orientation.W;Position.X;Position.Y;Position.Z;Orientation.X;Orientation.Y;Orientation.Z;Orientation.W;
-0.06895404;-0.4453789;0.7887269;0.003196107;0.9995775;0.02884914;-0.001499644;SpineBase-0.06685667;-0.1220588;0.8074024;0.00334663;0.9995718;0.02883207;0.003717294;SpineMid-0.06284818;0.1833673;0.8000528;0.007927532;0.9993988;-0.03258485;0.008802082;Neck-0.05011084;0.3066393;0.73678;0;0;0;0;Head-0.231509;0.07710461;0.7860116;0.7713069;-0.6340642;0.0398259;-0.03823796;ShoulderLeft-0.2635216;-0.1511674;0.7124274;0.9772135;-0.08678225;0.1294471;-0.1441048;ElbowLeft-0.2666358;-0.351326;0.6554064;-0.6914858;-0.0937381;0.7089862;0.1019759;WristLeft-0.2626484;-0.3777496;0.657153;0.7195271;0.03128491;-0.6896599;0.07530814;HandLeft0.1028555;0.07059091;0.7920782;0.7839854;0.6196659;-0.02527025;-0.02724821;ShoulderRight0.161482;-0.1552369;0.7733805;0.870047;0.09160964;0.4747939;-0.09590013;ElbowRight0.1618632;-0.3349353;0.688008;0.9093441;-0.07870889;0.3531512;-0.2053832;WristRight0.1552965;-0.3697881;0.670911;0.9096005;-0.1586649;0.3394656;-0.1794867;HandRight-0.144213;-0.426309;0.7585077;-0.6122775;0.7658674;-0.1032794;0.1670232;HipLeft-0.2737914;-0.1253573;0.6613347;-0.1570722;0.9443206;-0.1871931;-0.2203307;KneeLeft0.04534492;-0.3491911;0.6435971;0.8856509;0.4588728;0.04933775;-0.05122555;AnkleLeft0.1530762;-0.3459473;0.6484375;0;0;0;0;FootLeft0.01174527;-0.4299559;0.7578574;0.6342219;0.7499197;-0.09949651;-0.1596354;HipRight0.1643519;-0.1394747;0.656164;0.1811916;0.9251387;-0.2106542;0.2586753;KneeRight-0.2568284;-0.3900836;0.6660213;0.8688529;-0.4936237;0.02673029;0.02675838;AnkleRight-0.3139481;-0.3157352;0.6594391;0;0;0;0;FootRight-0.0640514;0.1102504;0.8048155;0.005987322;0.9999266;-0.005620807;0.008910147;SpineShoulder-0.2741821;-0.3855828;0.650757;0;0;0;0;HandTipLeft-0.2808091;-0.3615521;0.6363846;0;0;0;0;ThumbLeft0.1805477;-0.3865581;0.656783;0;0;0;0;HandTipRight0.1854382;-0.3524817;0.6390001;0;0;0;0;ThumbRight
-0.06858113;-0.3441398;0.7908949;0.002290009;0.9995993;0.02818942;-0.001187633;SpineBase-0.06733821;-0.0769918;0.805973;0.002429523;0.9995929;0.02817774;0.003760558;SpineMid-0.0628368;0.182638;0.7967066;0.009544472;0.9993603;-0.03336679;0.008632747;Neck-0.0499304;0.3038718;0.7301542;0;0;0;0;Head-0.2304679;0.07677633;0.7824242;0.777458;-0.6263671;0.04470754;-0.03499427;ShoulderLeft-0.2637361;-0.1497605;0.712096;0.2874938;-0.1628988;0.9435236;0.02396777;ElbowLeft-0.3059376;-0.3342632;0.6651514;-0.06535885;-0.1144869;0.9842793;0.1175382;WristLeft-0.2812415;-0.3621932;0.6656375;-0.0795707;-0.02318644;0.9317775;-0.3534424;HandLeft0.10231;0.07024666;0.7883296;0.7897542;0.6121951;-0.03026708;-0.02427946;ShoulderRight0.1609404;-0.1547155;0.7708581;0.8699045;0.09321596;0.4751244;-0.09398773;ElbowRight0.1614886;-0.3339603;0.6865703;0.7301273;-0.1436034;0.6475977;-0.1640412;WristRight0.1580673;-0.3660148;0.6600211;0.7064875;-0.2558106;0.6202037;-0.2253527;HandRight-0.1436582;-0.3292923;0.76147;-0.6314714;0.7514008;-0.1034533;0.1610532;HipLeft-0.3253894;-0.1171285;0.6272727;0.02101996;-0.5834941;0.396569;0.7083966;KneeLeft-0.5928406;0.1781079;0.4594541;-0.3663051;0.5239189;0.1559663;0.7529967;AnkleLeft-0.5832864;0.1980378;0.3461381;0;0;0;0;FootLeft0.01175507;-0.3331365;0.7609035;0.652971;0.7349776;-0.09996555;-0.1531132;HipRight0.03432056;-0.2864991;0.4010568;-0.448884;0.5177214;-0.4841102;0.5441553;KneeRight0.06184466;-0.2488881;0.01327703;-0.4553258;0.5077761;-0.4944994;0.5388063;AnkleRight0.05692255;-0.2063597;-0.09028333;0;0;0;0;FootRight-0.06420407;0.1132343;0.8013349;0.008128128;0.9998534;-0.01225886;0.008763313;SpineShoulder-0.2780614;-0.3895126;0.6586042;0;0;0;0;HandTipLeft-0.2846608;-0.3393267;0.6615999;0;0;0;0;ThumbLeft0.1643065;-0.3809476;0.6468068;0;0;0;0;HandTipRight0.1940772;-0.3637286;0.6484286;0;0;0;0;ThumbRight
-0.06735435;-0.2982873;0.7567063;-0.0001725101;0.9967966;0.0799311;-0.002723408;SpineBase-0.06733233;-0.0605472;0.7950808;0.0002832714;0.996796;0.07993078;0.002960516;SpineMid-0.06354155;0.1826965;0.7967348;0.01040018;0.9996028;-0.02477701;0.008490434;Neck-0.05063118;0.3032277;0.7284831;0;0;0;0;Head-0.2300242;0.07663254;0.7807751;0.7874839;-0.6136755;0.0252963;-0.05129961;ShoulderLeft-0.2650608;-0.1481965;0.7153437;0.7627391;-0.1467612;0.6269177;-0.06053422;ElbowLeft-0.2926518;-0.3351832;0.6682246;-0.0727266;-0.1165893;0.9872517;0.08032354;WristLeft-0.2749342;-0.3627169;0.6695188;-0.0718295;-0.0005743443;0.9565462;-0.2825942;HandLeft0.1019044;0.07004937;0.7862902;0.7984963;0.6005153;-0.01099219;-0.04079636;ShoulderRight0.1605874;-0.1544772;0.7694024;0.8695735;0.09403858;0.4757272;-0.09317894;ElbowRight0.161122;-0.3331267;0.6854369;0.7427157;-0.1403174;0.6331535;-0.1667367;WristRight0.1552545;-0.3652618;0.6592176;0.7190234;-0.2714565;0.6054717;-0.2066902;HandRight-0.1425013;-0.2850612;0.7287731;-0.6435539;0.738293;-0.06671567;0.190554;HipLeft-0.4518825;-0.09301097;0.6407319;0.1873788;-0.5377215;0.4566976;0.6834999;KneeLeft-0.7730955;0.0964022;0.5698825;-0.3696076;0.4986033;0.337463;0.7077455;AnkleLeft-0.7793924;0.1296944;0.4577254;0;0;0;0;FootLeft0.01302644;-0.2889112;0.7272918;0.6641403;0.7213801;-0.06687412;-0.1845435;HipRight0.03830362;-0.2736798;0.3417637;-0.4732409;0.4933259;-0.5063069;0.525667;KneeRight0.06652223;-0.2634059;-0.06762803;-0.4761506;0.4887858;-0.510653;0.5230702;AnkleRight0.06225483;-0.2175499;-0.1645449;0;0;0;0;FootRight-0.06491581;0.1180057;0.7999324;0.006882226;0.9998472;0.01352208;0.008678284;SpineShoulder-0.2783335;-0.391536;0.6612996;0;0;0;0;HandTipLeft-0.2853945;-0.3349743;0.6699001;0;0;0;0;ThumbLeft0.1696192;-0.3815153;0.648505;0;0;0;0;HandTipRight0.1943942;-0.3634303;0.6488182;0;0;0;0;ThumbRight
-0.07401168;-0.3199105;0.7484921;0.009773578;0.9964733;0.08309398;-0.006402608;SpineBase-0.06862541;-0.06137703;0.7918808;0.01029521;0.9964938;0.08303096;-0.0001447172;SpineMid-0.06452838;0.1830636;0.7981426;0.009191074;0.9998679;-0.01224283;0.005454537;Neck-0.0521371;0.3047803;0.7314997;0;0;0;0;Head-0.2319784;0.07096383;0.7836041;0.7990349;-0.5991812;0.0122859;-0.04872503;ShoulderLeft-0.2765298;-0.1722118;0.7238042;0.9532425;-0.0537045;-0.2633578;-0.1381565;ElbowLeft-0.2882506;-0.3592774;0.6644532;-0.06207598;-0.1506063;0.9858431;0.03971929;WristLeft-0.2727236;-0.377023;0.6704612;-0.01128614;0.1285913;0.9297928;-0.3447061;HandLeft0.1002645;0.06398909;0.7872169;0.8107458;0.5838817;-0.00260734;-0.04203076;ShoulderRight0.1589419;-0.1553318;0.7688713;0.8697569;0.09468593;0.4743057;-0.0979371;ElbowRight0.1592939;-0.3339771;0.6818532;0.923331;-0.07094648;0.3113973;-0.2132094;WristRight0.1521041;-0.3360012;0.6744955;0.7185068;-0.5796428;0.2833302;-0.2597813;HandRight-0.1487087;-0.3055266;0.7218922;-0.6379171;0.744595;-0.06177536;0.1866117;HipLeft-0.3602865;-0.05798234;0.6576765;0.149471;-0.6211779;0.3236577;0.6978841;KneeLeft-0.6584526;0.2732171;0.5954173;-0.2753352;0.5669839;0.2369938;0.7392927;AnkleLeft-0.6592014;0.3080529;0.483395;0;0;0;0;FootLeft0.006339694;-0.3104795;0.7193089;0.6643486;0.7206488;-0.06174688;-0.1883972;HipRight0.04118039;-0.2957191;0.3236647;-0.4628785;0.4922463;-0.5168895;0.5256067;KneeRight0.07869953;-0.2834378;-0.09326421;-0.4644468;0.4896948;-0.5192556;0.5242725;AnkleRight0.07406773;-0.2378885;-0.1895749;0;0;0;0;FootRight-0.065712;0.1191599;0.7997014;0.008185935;0.9997169;0.02159533;0.005718438;SpineShoulder-0.2793412;-0.3936157;0.6633152;0;0;0;0;HandTipLeft-0.2847805;-0.3558586;0.6710001;0;0;0;0;ThumbLeft0.1650048;-0.3734436;0.6379241;0;0;0;0;HandTipRight0.1822163;-0.3478519;0.6365715;0;0;0;0;ThumbRight
-0.07547344;-0.3227872;0.7476601;0.01041165;0.9965447;0.08197432;-0.008391604;SpineBase-0.06961983;-0.06185569;0.7908357;0.01085526;0.9965755;0.08191676;-0.002996841;SpineMid-0.06594487;0.1835861;0.8011883;0.007818985;0.9999661;0.001720759;0.001894178;Neck-0.05397683;0.3067822;0.7358277;0;0;0;0;Head-0.2334038;0.06779823;0.7870618;0.8063855;-0.5894885;0.00262185;-0.04731733;ShoulderLeft-0.27801;-0.17482;0.7262909;0.977463;-0.06961697;-0.1484873;-0.1329326;ElbowLeft-0.2871129;-0.363683;0.6714209;-0.4719598;-0.1126138;0.8699927;0.08766374;WristLeft-0.2726642;-0.3799503;0.6777623;-0.6334353;-0.1249;0.676504;-0.3542629;HandLeft0.09908185;0.06098639;0.7881517;0.8173868;0.5743182;0.001107109;-0.04512399;ShoulderRight0.1575588;-0.155941;0.768506;0.8679617;0.09353212;0.4770473;-0.1015875;ElbowRight0.158634;-0.3343875;0.6797574;0.9707141;-0.01449623;0.07346155;-0.2282706;WristRight0.1498199;-0.3321185;0.6738472;-0.4819696;0.7730862;-0.4039375;-0.08292955;HandRight-0.1501217;-0.3084637;0.7216172;-0.6381328;0.7453228;-0.06043387;0.1833801;HipLeft-0.3553251;-0.04670784;0.6582955;0.1408917;-0.6285245;0.3059351;0.7010778;KneeLeft-0.642754;0.3021538;0.5969118;-0.2624114;0.5765879;0.2208078;0.741573;AnkleLeft-0.6438891;0.3379174;0.4845037;0;0;0;0;FootLeft0.004886706;-0.3133009;0.7184551;0.6640621;0.7209837;-0.06233894;-0.1879307;HipRight0.04152872;-0.2972708;0.3157963;-0.4611386;0.4924642;-0.517246;0.5265802;KneeRight0.08052006;-0.2826914;-0.1066125;-0.4622015;0.4907366;-0.5188406;0.5256919;AnkleRight0.07528152;-0.2370533;-0.2027297;0;0;0;0;FootRight-0.0669321;0.1204353;0.8009691;0.007420819;0.9995853;0.02774489;0.002083163;SpineShoulder-0.285116;-0.3958813;0.6724007;0;0;0;0;HandTipLeft-0.2939815;-0.3663033;0.6702499;0;0;0;0;ThumbLeft0.1624346;-0.3716371;0.6357603;0;0;0;0;HandTipRight0.1808138;-0.3488781;0.6368334;0;0;0;0;ThumbRight
-0.07614043;-0.324715;0.74766;0.01007086;0.9965855;0.08113393;-0.0115375;SpineBase-0.07030277;-0.06225947;0.7906159;0.01049322;0.9966321;0.0810804;-0.006347849;SpineMid-0.0672408;0.1839477;0.8048382;0.00688571;0.9998863;0.01334392;-0.001447644;Neck-0.05592147;0.3086686;0.7406409;0;0;0;0;Head-0.2345173;0.06416275;0.7906229;0.813848;-0.5790817;-0.005745593;-0.04777946;ShoulderLeft-0.2807719;-0.1775558;0.7312043;0.9800597;-0.07601187;-0.1298315;-0.1298037;ElbowLeft-0.288211;-0.3669173;0.6774073;-0.05839639;-0.1365218;0.9885412;0.02716515;WristLeft-0.2761313;-0.3838125;0.6856585;0.006359668;0.1989656;0.9369932;-0.2870819;HandLeft0.09793694;0.05880097;0.7894062;0.8221974;0.5670197;0.003811368;-0.04965494;ShoulderRight0.156317;-0.1562254;0.7680443;0.8666783;0.09198823;0.4787461;-0.1058726;ElbowRight0.1583094;-0.3342884;0.6780069;-0.2775421;-0.2237605;0.9322816;0.06125906;WristRight0.1487522;-0.3269534;0.6742275;-0.3225919;0.8146209;-0.3247667;-0.3561656;HandRight-0.1508472;-0.3108454;0.7222353;-0.6403349;0.7444674;-0.05848796;0.1797739;HipLeft-0.3533396;-0.04035739;0.6608114;0.1378565;-0.6313998;0.2952704;0.7036656;KneeLeft-0.6353173;0.3184546;0.6020362;-0.2539386;0.582899;0.2135541;0.7417133;AnkleLeft-0.6372283;0.3552652;0.4893095;0;0;0;0;FootLeft0.004291522;-0.3148356;0.7182211;0.662321;0.7223404;-0.06354743;-0.1884596;HipRight0.04172385;-0.2984992;0.3100789;-0.4611284;0.4921;-0.5171527;0.5270211;KneeRight0.08115708;-0.2828871;-0.1160209;-0.4618158;0.4909915;-0.5181665;0.5264571;AnkleRight0.07531546;-0.2369635;-0.2121625;0;0;0;0;FootRight-0.06810395;0.1214673;0.8031714;0.005928245;0.9993995;0.03411525;-0.001315975;SpineShoulder-0.2844129;-0.3989539;0.6757556;0;0;0;0;HandTipLeft-0.2942073;-0.3655809;0.6826;0;0;0;0;ThumbLeft0.1624246;-0.3668253;0.6344867;0;0;0;0;HandTipRight0.1837919;-0.3453836;0.640977;0;0;0;0;ThumbRight
-0.07758117;-0.3264964;0.7485018;0.009972049;0.9965952;0.08047871;-0.01488707;SpineBase-0.07162874;-0.06275516;0.7912929;0.01024674;0.9966403;0.08044419;-0.01148461;SpineMid-0.06862332;0.1844132;0.809171;0.007562997;0.9997029;0.02162969;-0.008318129;Neck-0.05802549;0.3104465;0.7456007;0;0;0;0;Head-0.2362108;0.06277861;0.7967425;0.8174288;-0.5739347;-0.01741384;-0.04589042;ShoulderLeft-0.2822808;-0.1757123;0.737294;0.9824117;-0.07946724;-0.1082476;-0.1297485;ElbowLeft-0.291014;-0.3650733;0.6844198;-0.5600641;-0.09919547;0.8169656;0.0951618;WristLeft-0.2802173;-0.3859943;0.6912322;-0.6467519;-0.04677117;0.7131085;-0.2664598;HandLeft0.09680871;0.05704388;0.7906671;0.8260506;0.5607781;0.004062522;-0.05614263;ShoulderRight0.1550807;-0.1561322;0.7677033;0.8652601;0.09045859;0.4806741;-0.1099761;ElbowRight0.1577688;-0.3333951;0.6762741;-0.2337247;-0.2305822;0.943242;0.04999213;WristRight0.1496791;-0.3266988;0.6716142;-0.2986814;0.8400632;-0.3455003;-0.2927674;HandRight-0.1522827;-0.3125508;0.7237211;-0.6400008;0.7456673;-0.0562433;0.1766803;HipLeft-0.3542034;-0.03703459;0.6650192;0.1385357;-0.6319904;0.288695;0.7057274;KneeLeft-0.6343272;0.3271957;0.6101384;-0.24852;0.5888081;0.2114117;0.7394918;AnkleLeft-0.6376797;0.3648281;0.4974374;0;0;0;0;FootLeft0.002911168;-0.3166658;0.7186356;0.6624434;0.7217811;-0.0654913;-0.1895036;HipRight0.04147552;-0.2995689;0.3067142;-0.460335;0.4918996;-0.5171527;0.5279009;KneeRight0.08184044;-0.2827457;-0.1219122;-0.4607979;0.4911577;-0.5178244;0.5275295;AnkleRight0.07477465;-0.2364332;-0.2180202;0;0;0;0;FootRight-0.06958251;0.1225206;0.8064994;0.005173115;0.9991134;0.04097595;-0.008169836;SpineShoulder-0.2929644;-0.4056019;0.6847715;0;0;0;0;HandTipLeft-0.3022376;-0.3728259;0.6821875;0;0;0;0;ThumbLeft0.1578265;-0.3683129;0.6314316;0;0;0;0;HandTipRight0.1787025;-0.3537181;0.6304286;0;0;0;0;ThumbRight
-0.07992303;-0.3287203;0.7503031;0.0104916;0.9965394;0.07975263;-0.02094629;SpineBase-0.07340609;-0.06347569;0.7928993;0.01077204;0.9966069;0.07971524;-0.01744116;SpineMid-0.06956418;0.1847473;0.8131696;0.009502106;0.9995109;0.02619283;-0.01419558;Neck-0.06010131;0.3118748;0.7503122;0;0;0;0;Head-0.2376562;0.06170433;0.8019806;0.8198376;-0.5702509;-0.0254866;-0.04506191;ShoulderLeft-0.2854622;-0.1758031;0.7447989;0.979087;-0.08025585;-0.1358304;-0.1284434;ElbowLeft-0.2946939;-0.3648381;0.6916851;-0.5436266;-0.1010109;0.8278279;0.0946982;WristLeft-0.2848659;-0.3888307;0.6995817;-0.594655;0.004228009;0.7674628;-0.2395173;HandLeft0.09564008;0.05569784;0.7918133;0.8288793;0.5559403;0.002496003;-0.06231519;ShoulderRight0.1541018;-0.1559922;0.7672472;0.8658565;0.08980643;0.478815;-0.1138572;ElbowRight0.1567423;-0.332407;0.6744913;0.9610258;0.04073299;-0.1376482;-0.2362697;WristRight0.1468292;-0.325462;0.6692398;-0.3525898;0.8411949;-0.3354009;-0.2357496;HandRight-0.1546991;-0.3147842;0.7265864;-0.6401561;0.7470559;-0.05239056;0.1713562;HipLeft-0.3513921;-0.03259774;0.6657909;0.1277241;-0.6301192;0.2824182;0.7119524;KneeLeft-0.6237659;0.3400275;0.6077722;-0.2445332;0.5946527;0.1992392;0.7395238;AnkleLeft-0.6276296;0.3777267;0.4949076;0;0;0;0;FootLeft0.0007776472;-0.3188129;0.7196188;0.6620451;0.7211996;-0.06851528;-0.1920238;HipRight0.04063023;-0.3006859;0.3051734;-0.4588838;0.4920327;-0.5173758;0.5288211;KneeRight0.082198;-0.2825937;-0.125251;-0.4592398;0.4914671;-0.5178781;0.5285463;AnkleRight0.07411034;-0.2360172;-0.2214169;0;0;0;0;FootRight-0.07078039;0.1232271;0.80996;0.006370673;0.9988397;0.04563768;-0.01399309;SpineShoulder-0.296179;-0.4143323;0.6945536;0;0;0;0;HandTipLeft-0.3093328;-0.3689023;0.6965;0;0;0;0;ThumbLeft0.1572017;-0.3666525;0.6288198;0;0;0;0;HandTipRight0.1881668;-0.3415427;0.6611249;0;0;0;0;ThumbRight
-0.08213595;-0.3306426;0.7525071;0.01069128;0.9963844;0.07960796;-0.02768538;SpineBase-0.0751961;-0.06423096;0.7951634;0.0109921;0.9964818;0.07956696;-0.02391907;SpineMid-0.07034693;0.1849721;0.8170992;0.01138906;0.9992998;0.029167;-0.02047912;Neck-0.06181377;0.3130716;0.7546231;0;0;0;0;Head-0.2386899;0.06106374;0.8074934;0.8212858;-0.5679209;-0.03280211;-0.04335313;ShoulderLeft-0.287321;-0.1754515;0.7518455;0.9878465;-0.09488808;-0.03746799;-0.1172679;ElbowLeft-0.2936278;-0.3657331;0.7053234;-0.5708454;-0.08849388;0.8121443;0.08201256;WristLeft-0.2844326;-0.3908954;0.7089673;-0.6177763;-0.05549183;0.7639977;-0.1777094;HandLeft0.09450565;0.05444384;0.792922;0.8312243;0.5517526;-0.0005132352;-0.06807949;ShoulderRight0.1529216;-0.1559461;0.7665916;0.8653144;0.08815093;0.4791033;-0.1179849;ElbowRight0.1555281;-0.3312389;0.6720796;0.9440435;0.06235612;-0.2210208;-0.236735;WristRight0.1461304;-0.3228282;0.6677595;-0.317796;0.8607535;-0.2890524;-0.2730527;HandRight-0.1569387;-0.3165968;0.7299654;-0.6397303;0.7489086;-0.04765614;0.1661625;HipLeft-0.4494796;-0.39098;0.7868973;0.6324441;-0.5550592;-0.4702043;-0.2661422;KneeLeft-0.8672475;-0.512291;0.9063365;-0.4189137;0.4470823;0.6774701;0.4070172;AnkleLeft-0.9195258;-0.4968578;0.8049994;0;0;0;0;FootLeft-0.001261507;-0.3207631;0.7208485;0.6620589;0.7199602;-0.07187201;-0.1953709;HipRight0.03849785;-0.3016269;0.3146895;-0.4574949;0.4925121;-0.51699;0.5299542;KneeRight0.0811864;-0.283209;-0.1166865;-0.4584367;0.4910318;-0.518277;0.5292568;AnkleRight0.07201792;-0.2360118;-0.2137595;0;0;0;0;FootRight-0.07181789;0.123692;0.8135486;0.007966418;0.9985667;0.04890779;-0.02022484;SpineShoulder-0.3046593;-0.4176052;0.7047522;0;0;0;0;HandTipLeft-0.3131736;-0.3666376;0.7046924;0;0;0;0;ThumbLeft0.1600621;-0.3637997;0.6270247;0;0;0;0;HandTipRight0.1877704;-0.3417309;0.6596667;0;0;0;0;ThumbRight
-0.089812;-0.3480399;0.7862391;0.01538566;0.9960766;0.04218283;-0.07625769;SpineBase-0.07945041;-0.06975883;0.8090634;0.01643059;0.9976658;0.04178691;-0.05144728;SpineMid-0.07127196;0.1852477;0.8208911;0.01596861;0.9994439;0.01324125;-0.02610819;Neck-0.06342322;0.3141289;0.7587345;0;0;0;0;Head-0.2392923;0.06057427;0.8123344;0.8227732;-0.5670044;-0.01695392;-0.03553512;ShoulderLeft-0.2889885;-0.1764524;0.7584814;0.9859076;-0.09263203;-0.0753533;-0.1171639;ElbowLeft-0.2946213;-0.3663106;0.7108343;-0.5636124;-0.09267072;0.816763;0.08155664;WristLeft-0.2861975;-0.3944889;0.7167902;-0.59492;-0.005817621;0.7845962;-0.1744857;HandLeft0.09351041;0.05355075;0.7939039;0.8312683;0.5512483;-0.02514268;-0.06697886;ShoulderRight0.1517976;-0.1559432;0.7656486;0.865953;0.08626422;0.477297;-0.1219482;ElbowRight0.1536338;-0.3300763;0.6691962;-0.3345559;-0.2364528;0.9085369;0.08199412;WristRight0.1460629;-0.3224782;0.6661065;-0.2745578;0.8348573;-0.2902931;-0.3786306;HandRight-0.1651229;-0.3347302;0.7713852;-0.6426786;0.7583025;-0.03929705;0.1019672;HipLeft-0.4723672;-0.3846567;0.7596925;-0.2958914;0.2288318;0.7018465;0.6062142;KneeLeft-0.9121878;-0.4708317;0.780096;-0.4768019;0.4152712;0.6072056;0.481156;AnkleLeft-0.9447125;-0.4536162;0.6682489;0;0;0;0;FootLeft-0.007975068;-0.3369714;0.7471535;0.6523562;0.7221776;-0.1177212;-0.1975668;HipRight-0.01487548;-0.2753918;0.3522699;-0.453439;0.5537198;-0.4662229;0.5200227;KneeRight-0.02325931;-0.2191758;-0.07265105;-0.4608697;0.5479049;-0.4712051;0.515136;AnkleRight-0.02588888;-0.1738646;-0.1719685;0;0;0;0;FootRight-0.07328525;0.1235639;0.8193086;0.01523153;0.9991875;0.02686327;-0.02589762;SpineShoulder-0.3046687;-0.424455;0.7136781;0;0;0;0;HandTipLeft-0.317543;-0.3700963;0.7156429;0;0;0;0;ThumbLeft0.1558468;-0.3621414;0.6245909;0;0;0;0;HandTipRight0.1748611;-0.3213204;0.6508889;0;0;0;0;ThumbRight
-0.08753026;-0.3376117;0.7945112;0.01158413;0.9971297;0.04232678;-0.06169779;SpineBase-0.07981459;-0.0662603;0.8171153;0.01220562;0.9979295;0.04215177;-0.04702068;SpineMid-0.07219802;0.1862019;0.825605;0.01642321;0.9993361;0.002870571;-0.03239369;Neck-0.06471892;0.3149565;0.762589;0;0;0;0;Head-0.2388091;0.06706163;0.8214305;0.8161724;-0.5768552;-0.0190867;-0.02713588;ShoulderLeft-0.2733391;-0.1508939;0.7683558;0.1669122;-0.1293632;0.9758531;0.05582403;ElbowLeft-0.3269626;-0.3336568;0.732283;-0.5168464;-0.006790449;0.8392051;0.1689925;WristLeft-0.3107761;-0.3748627;0.7388697;-0.625244;-0.05991261;0.7545761;-0.1899879;HandLeft0.09308535;0.05945502;0.7986573;0.8245144;0.5609471;-0.03300115;-0.06652275;ShoulderRight0.1507229;-0.1549035;0.7638974;0.8673844;0.07634345;0.4740051;-0.1309021;ElbowRight0.1539961;-0.3285299;0.6682913;0.9330292;0.07495303;-0.259588;-0.2375979;WristRight0.1463436;-0.3225059;0.6649709;-0.3288453;0.8350541;-0.3148582;-0.3088845;HandRight-0.1639576;-0.3248894;0.777204;-0.6461921;0.7532806;-0.04805;0.1126727;HipLeft-0.4356795;-0.5580204;0.7264442;-0.5503772;0.1899424;0.7207213;0.3762546;KneeLeft-0.7225806;-0.8104003;0.70015;-0.597886;0.2415345;0.6870216;0.334955;AnkleLeft-0.7508675;-0.8095392;0.5855805;0;0;0;0;FootLeft-0.004646285;-0.3269241;0.7573614;0.6552089;0.7233272;-0.1107747;-0.1876918;HipRight-0.008014916;-0.2668125;0.3668396;-0.4541802;0.5483862;-0.4665359;0.5247259;KneeRight-0.01224484;-0.2141231;-0.05145817;-0.462525;0.5414189;-0.4728496;0.5189887;AnkleRight-0.01714034;-0.16842;-0.1528675;0;0;0;0;FootRight-0.07421263;0.1252067;0.8253198;0.01391867;0.9991474;0.02186258;-0.03213724;SpineShoulder-0.308106;-0.4166916;0.7202705;0;0;0;0;HandTipLeft-0.3190084;-0.3793151;0.7263846;0;0;0;0;ThumbLeft0.1578752;-0.3618096;0.623042;0;0;0;0;HandTipRight0.1837124;-0.3328285;0.6544612;0;0;0;0;ThumbRight
-0.08931597;-0.3300716;0.7750055;0.0120075;0.99529;0.07724433;-0.05733244;SpineBase-0.08050308;-0.0643382;0.816;0.01253525;0.9956586;0.07716045;-0.05052746;SpineMid-0.07302518;0.1870262;0.8314135;0.01441932;0.9986306;0.0238134;-0.04429277;Neck-0.06686121;0.3168589;0.76932;0;0;0;0;Head-0.2405042;0.06778636;0.8316574;0.8153654;-0.5770929;-0.04214573;-0.0191541;ShoulderLeft-0.289243;-0.1685391;0.7869996;0.8365079;-0.03542511;-0.5308218;-0.1312545;ElbowLeft-0.3224115;-0.3539771;0.7408631;-0.1214983;-0.1087337;0.9814776;0.1005827;WristLeft-0.3071943;-0.3950815;0.7487158;-0.09034889;0.07348327;0.9764155;-0.1817966;HandLeft0.09086351;0.05805363;0.8005652;0.8289742;0.5536734;-0.03008594;-0.07309216;ShoulderRight0.1492677;-0.1544122;0.7613274;0.9329728;0.09586266;0.3228181;-0.1271245;ElbowRight0.09723791;-0.3158858;0.6581088;0.9506543;-0.1221441;-0.05312662;-0.2802048;WristRight0.131024;-0.3245029;0.6607988;0.395205;0.3485045;0.6833854;-0.5053138;HandRight-0.1645061;-0.3147244;0.7568901;-0.6338421;0.7591766;-0.0304086;0.1448114;HipLeft-0.2727022;-0.628702;0.6272724;-0.6263101;-0.04205506;0.7403394;0.2405504;KneeLeft-0.3985339;-0.9882314;0.5095221;-0.6631839;-0.0009612532;0.714889;0.2216299;AnkleLeft-0.4120726;-0.9835599;0.3914711;0;0;0;0;FootLeft-0.007848197;-0.3219498;0.7378239;0.6680258;0.7074398;-0.09262826;-0.211401;HipRight-0.009342482;-0.2752069;0.3592931;-0.4624949;0.5383665;-0.4741538;0.5209973;KneeRight-0.01151931;-0.2316105;-0.07445924;-0.4692835;0.5325342;-0.4793439;0.5161489;AnkleRight-0.01851427;-0.1824915;-0.1729895;0;0;0;0;FootRight-0.07490453;0.1263171;0.8285993;0.01318305;0.9983737;0.03359228;-0.04413277;SpineShoulder-0.3056326;-0.4338225;0.7371538;0;0;0;0;HandTipLeft-0.3199272;-0.3642938;0.7541819;0;0;0;0;ThumbLeft0.1574026;-0.3612365;0.6192694;0;0;0;0;HandTipRight0.1569724;-0.2858107;0.658875;0;0;0;0;ThumbRight
-0.09070219;-0.3318543;0.7733342;0.01341282;0.9949893;0.07961247;-0.05897565;SpineBase-0.08092854;-0.06450924;0.8158198;0.01389867;0.9953309;0.07952909;-0.05289921;SpineMid-0.07310642;0.187319;0.8334004;0.0153797;0.9983283;0.02924477;-0.04742225;Neck-0.06801999;0.3181819;0.7729293;0;0;0;0;Head-0.2412741;0.06658017;0.8341005;0.8168492;-0.5745461;-0.04781586;-0.01917567;ShoulderLeft-0.2923565;-0.1706014;0.7916854;0.9259119;-0.06691314;-0.3523874;-0.1184604;ElbowLeft-0.319234;-0.357311;0.7465625;-0.1470085;-0.1057444;0.9796468;0.08659533;WristLeft-0.3049053;-0.3984281;0.7556287;-0.1174139;0.08349982;0.9738852;-0.1754695;HandLeft0.08960192;0.05606247;0.8007704;0.8324951;0.5478683;-0.02989621;-0.07680134;ShoulderRight0.1484323;-0.1545341;0.7603011;0.9346324;0.09743946;0.3162019;-0.1303237;ElbowRight0.09702678;-0.3165985;0.65777;-0.1131644;-0.2529035;0.9462159;0.1670607;WristRight0.130683;-0.323763;0.6604845;0.3340532;0.3154222;0.7015632;-0.544726;HandRight-0.1654891;-0.3165135;0.7555057;-0.6335246;0.7594042;-0.02842166;0.1454103;HipLeft-0.2599469;-0.640279;0.6922822;-0.6448566;0.02065022;0.7456083;0.1667387;KneeLeft-0.3741993;-1.022137;0.6495196;-0.6584868;0.055871;0.7366683;0.1435041;AnkleLeft-0.3920532;-1.030433;0.5326911;0;0;0;0;FootLeft-0.009460607;-0.3235626;0.7360132;0.6674171;0.7072579;-0.09154652;-0.2143826;HipRight-0.01025923;-0.2775989;0.3622411;-0.4615155;0.5385222;-0.4753703;0.5205963;KneeRight-0.01167856;-0.2338036;-0.07662445;-0.4683848;0.5326062;-0.4805898;0.5157323;AnkleRight-0.01918339;-0.1841513;-0.1749857;0;0;0;0;FootRight-0.07514814;0.126472;0.8299286;0.01333797;0.998089;0.03752254;-0.04725018;SpineShoulder-0.3073528;-0.4340605;0.7412008;0;0;0;0;HandTipLeft-0.3214427;-0.3695228;0.7614286;0;0;0;0;ThumbLeft0.1572389;-0.3591595;0.618784;0;0;0;0;HandTipRight0.1583573;-0.2875492;0.6581568;0;0;0;0;ThumbRight
-0.09165786;-0.3328271;0.772621;0.01429156;0.9948133;0.08074708;-0.06018405;SpineBase-0.08128395;-0.06458957;0.8158349;0.0146712;0.9950854;0.08067896;-0.05550425;SpineMid-0.07313199;0.1877348;0.8354082;0.01650725;0.9979859;0.03318805;-0.05147861;Neck-0.0688004;0.3191579;0.7756736;0;0;0;0;Head-0.2422493;0.06586583;0.837097;0.8175283;-0.5730326;-0.05418169;-0.01858696;ShoulderLeft-0.2955783;-0.1714547;0.796591;0.9463357;-0.07979225;-0.2926722;-0.1114677;ElbowLeft-0.3164201;-0.3588093;0.7504337;-0.1263352;-0.1120761;0.9832171;0.06901155;WristLeft-0.3025566;-0.39934;0.7586028;-0.1004037;0.07831888;0.9770539;-0.1707368;HandLeft0.08853942;0.05448266;0.8008378;0.8354207;0.542747;-0.03051249;-0.08103666;ShoulderRight0.1480957;-0.1545193;0.7595724;0.9361026;0.09985106;0.3100469;-0.1327124;ElbowRight0.09692916;-0.3169644;0.6576139;0.5576314;-0.2975313;0.7734534;-0.04787533;WristRight0.08714808;-0.3479927;0.6501296;0.5904761;-0.1808678;0.7848992;0.05057811;HandRight-0.1660651;-0.3174491;0.7549615;-0.6329851;0.7598205;-0.0275548;0.1457511;HipLeft-0.3851476;-0.5599924;0.7921496;-0.6228;0.2838714;0.6933861;0.2252839;KneeLeft-0.6466123;-0.8552542;0.8680708;-0.5515651;0.2887087;0.7505694;0.2215147;AnkleLeft-0.6935661;-0.8690701;0.7635233;0;0;0;0;FootLeft-0.01073256;-0.3244932;0.7351713;0.6671525;0.7068955;-0.09154151;-0.216394;HipRight-0.01178556;-0.2784989;0.3629796;-0.4611161;0.5392916;-0.4754474;0.520083;KneeRight-0.01359869;-0.2338746;-0.0805237;-0.4679728;0.5334588;-0.4805681;0.5152451;AnkleRight-0.02162594;-0.183891;-0.1784305;0;0;0;0;FootRight-0.07535557;0.1267568;0.8314617;0.01333755;0.9977353;0.04145649;-0.05126178;SpineShoulder-0.3020167;-0.4362009;0.7483453;0;0;0;0;HandTipLeft-0.3222021;-0.3736365;0.7671818;0;0;0;0;ThumbLeft0.04143025;-0.3685539;0.6319379;0;0;0;0;HandTipRight0.1064383;-0.3668343;0.6456;0;0;0;0;ThumbRight
-0.09216062;-0.333491;0.7722714;0.01455834;0.9946672;0.08140237;-0.06163561;SpineBase-0.08153219;-0.06466656;0.8159184;0.01485162;0.9948828;0.08134937;-0.05805051;SpineMid-0.07315047;0.1880085;0.8370275;0.01723535;0.9976943;0.03558139;-0.05516398;Neck-0.06932429;0.3199466;0.7780403;0;0;0;0;Head-0.2429918;0.0652396;0.8398004;0.8180193;-0.571802;-0.0597508;-0.01779752;ShoulderLeft-0.2973557;-0.1719052;0.800028;0.990389;-0.1121538;0.01015863;-0.0802982;ElbowLeft-0.3022171;-0.3628591;0.7695061;-0.5155885;-0.06121649;0.85308;0.0517281;WristLeft-0.2942591;-0.4012178;0.760471;-0.5280709;-0.149587;0.8355795;-0.02390936;HandLeft0.08774306;0.05343399;0.8008958;0.8373508;0.5391725;-0.03126983;-0.08461004;ShoulderRight0.1477216;-0.1546264;0.7587787;0.9373915;0.1012168;0.3047864;-0.1347501;ElbowRight0.09680674;-0.3174292;0.65738;0.5329347;-0.2972315;0.7913189;-0.03805998;WristRight0.0877811;-0.3471464;0.6506674;0.564285;-0.1707804;0.8057329;0.05666484;HandRight-0.1663402;-0.3181759;0.7547906;-0.6330715;0.7598147;-0.02669663;0.1455661;HipLeft-0.3919905;-0.5516317;0.7968307;-0.6197825;0.3008808;0.6873178;0.2300752;KneeLeft-0.664476;-0.8399956;0.8795681;-0.5393488;0.3015233;0.7515759;0.2309117;AnkleLeft-0.7138733;-0.852394;0.7760821;0;0;0;0;FootLeft-0.0114466;-0.3250681;0.7346133;0.6666697;0.7067624;-0.09207415;-0.2180844;HipRight-0.01277995;-0.2792455;0.3634456;-0.4612161;0.5395846;-0.4754131;0.5197216;KneeRight-0.01499755;-0.2341302;-0.08416196;-0.4680285;0.533839;-0.4804247;0.5149344;AnkleRight-0.023562;-0.1839406;-0.1816555;0;0;0;0;FootRight-0.07549736;0.1269505;0.8327953;0.01325956;0.997403;0.0446908;-0.05490024;SpineShoulder-0.3112856;-0.4459431;0.7546892;0;0;0;0;HandTipLeft-0.3241447;-0.373902;0.7710001;0;0;0;0;ThumbLeft0.04132112;-0.3644016;0.6309674;0;0;0;0;HandTipRight0.1010885;-0.3679776;0.6487823;0;0;0;0;ThumbRight
-0.09270412;-0.3340753;0.7722455;0.01470419;0.9945734;0.08188429;-0.06246913;SpineBase-0.08192264;-0.0647634;0.8162251;0.01495499;0.9947602;0.08183885;-0.05942169;SpineMid-0.07325434;0.1883266;0.8389732;0.0180814;0.9975019;0.03745088;-0.05710083;Neck-0.06992577;0.3208632;0.7807087;0;0;0;0;Head-0.2433221;0.06483856;0.8415401;0.818673;-0.570439;-0.06305084;-0.01996005;ShoulderLeft-0.2985578;-0.171877;0.8032748;0.9896748;-0.1101192;-0.03924116;-0.08293094;ElbowLeft-0.3022277;-0.3625267;0.7699898;-0.5172358;-0.06881917;0.8514272;0.05294098;WristLeft-0.2950873;-0.4030091;0.7646472;-0.5300878;-0.1010329;0.841011;-0.03872728;HandLeft0.08732121;0.05279764;0.8011888;0.8384863;0.5366943;-0.03126262;-0.08900996;ShoulderRight0.14739;-0.1546951;0.7581749;0.9384667;0.1015697;0.3005187;-0.1365736;ElbowRight0.09672236;-0.3177833;0.6572436;0.6280544;-0.288736;0.7187564;-0.07462111;WristRight0.08766437;-0.3474246;0.651811;0.6671589;-0.1633618;0.7251831;0.0481815;HandRight-0.1667546;-0.3189125;0.754868;-0.6336919;0.7593389;-0.02615328;0.1454478;HipLeft-0.3949018;-0.5471281;0.8012856;-0.6193295;0.312142;0.6829604;0.2292672;KneeLeft-0.6733233;-0.8324566;0.8902733;-0.5312935;0.3097865;0.7529874;0.2340287;AnkleLeft-0.7245048;-0.8444391;0.7877768;0;0;0;0;FootLeft-0.01205893;-0.3254945;0.734499;0.6660042;0.7070947;-0.0920663;-0.2190416;HipRight-0.01406129;-0.2801774;0.3641045;-0.4619444;0.5397813;-0.4752755;0.5189958;KneeRight-0.01718662;-0.2350552;-0.0871174;-0.4687125;0.534149;-0.4801646;0.5142329;AnkleRight-0.02591283;-0.1846576;-0.1843077;0;0;0;0;FootRight-0.07572991;0.1271856;0.8345159;0.01334605;0.9971285;0.0483023;-0.05677665;SpineShoulder-0.3162771;-0.450592;0.7630852;0;0;0;0;HandTipLeft-0.3257833;-0.3740396;0.77305;0;0;0;0;ThumbLeft0.04148619;-0.3658794;0.6335301;0;0;0;0;HandTipRight0.1148491;-0.3589655;0.6327778;0;0;0;0;ThumbRight
-0.09301247;-0.3346359;0.7724758;0.01451058;0.9944786;0.08226015;-0.06352256;SpineBase-0.08225851;-0.06489661;0.8167287;0.01475081;0.9946598;0.0822174;-0.06061733;SpineMid-0.07334544;0.1885929;0.8407469;0.01859054;0.9973807;0.03833058;-0.05845563;Neck-0.0703722;0.3213877;0.7828236;0;0;0;0;Head-0.2435291;0.06431741;0.8430496;0.8195289;-0.5688596;-0.06545587;-0.02205905;ShoulderLeft-0.2989424;-0.1718624;0.8053571;0.9904485;-0.114305;0.004637368;-0.07697072;ElbowLeft-0.3112408;-0.3623041;0.7758418;-0.4720292;-0.05240323;0.8776596;0.06446612;WristLeft-0.3015513;-0.402599;0.7701172;-0.4953929;-0.1182455;0.8579953;-0.06669298;HandLeft0.08692178;0.05226497;0.8016999;0.8394641;0.5345543;-0.03117804;-0.09262734;ShoulderRight0.1472632;-0.1547792;0.7578991;0.9394104;0.1023096;0.2965339;-0.1382333;ElbowRight0.09679411;-0.3180815;0.6573654;0.709929;-0.2766225;0.6385626;-0.1082527;WristRight0.08834992;-0.3496147;0.6532257;0.7551613;-0.1400363;0.6394346;0.03527902;HandRight-0.167036;-0.3197547;0.7552497;-0.6350452;0.7583427;-0.02532545;0.1448877;HipLeft-0.3962997;-0.5449243;0.8038976;-0.6185543;0.317975;0.6810268;0.2290962;KneeLeft-0.6786928;-0.8293443;0.8965034;-0.5265058;0.314044;0.753989;0.2359422;AnkleLeft-0.7308998;-0.8409756;0.7945632;0;0;0;0;FootLeft-0.01232504;-0.3258159;0.7346217;0.6650462;0.7077609;-0.09205119;-0.219806;HipRight-0.01417692;-0.2803076;0.3649744;-0.4617026;0.5398049;-0.4751172;0.5193313;KneeRight-0.01714273;-0.2344984;-0.08944581;-0.468471;0.5341734;-0.4799857;0.5145946;AnkleRight-0.02612694;-0.183911;-0.1863404;0;0;0;0;FootRight-0.07589924;0.1273746;0.8361826;0.01350945;0.9969039;0.05124898;-0.05808306;SpineShoulder-0.3149719;-0.448916;0.7624301;0;0;0;0;HandTipLeft-0.3256636;-0.3723128;0.78;0;0;0;0;ThumbLeft0.04242644;-0.3732716;0.6413696;0;0;0;0;HandTipRight0.1243995;-0.3518968;0.6179546;0;0;0;0;ThumbRight
-0.09328078;-0.3350259;0.7727631;0.01424735;0.9944115;0.08279808;-0.06393311;SpineBase-0.0826211;-0.06502301;0.8173624;0.01442835;0.9945488;0.08276673;-0.06175879;SpineMid-0.07347471;0.1887068;0.8424106;0.01894904;0.9972313;0.03904675;-0.06038198;Neck-0.07068742;0.3218153;0.7846019;0;0;0;0;Head-0.243846;0.06385674;0.8450682;0.8200031;-0.5677912;-0.06852305;-0.02264063;ShoulderLeft-0.2991307;-0.1718033;0.807186;0.9900881;-0.1118588;-0.02561111;-0.08097661;ElbowLeft-0.3111768;-0.3619804;0.775538;-0.4761907;-0.05726821;0.8749284;0.06680657;WristLeft-0.3006539;-0.4042552;0.7719375;-0.50082;-0.09713049;0.8559937;-0.08378306;HandLeft0.08663543;0.05185319;0.8023207;0.8400586;0.5331141;-0.03137849;-0.09542712;ShoulderRight0.1471362;-0.1549281;0.7577038;0.9403543;0.1027053;0.292652;-0.1397865;ElbowRight0.09711049;-0.3185841;0.6577073;0.7217829;-0.2727717;0.6259994;-0.1129155;WristRight0.08915867;-0.3500329;0.6541138;0.7676864;-0.1303832;0.626462;0.03468527;HandRight-0.167184;-0.320239;0.7555797;-0.6354023;0.757996;-0.02490553;0.1452094;HipLeft-0.4000998;-0.5392033;0.8085181;-0.6181349;0.3309646;0.6751165;0.2293237;KneeLeft-0.6889121;-0.8181989;0.9070894;-0.517658;0.3233127;0.7545882;0.2410304;AnkleLeft-0.7428714;-0.8290486;0.806133;0;0;0;0;FootLeft-0.01267254;-0.3261019;0.7348663;0.6645992;0.7079738;-0.09199509;-0.220495;HipRight-0.01471799;-0.2802837;0.3657978;-0.4616836;0.5400545;-0.4746044;0.5195576;KneeRight-0.01797705;-0.2337729;-0.09101863;-0.4684842;0.5344355;-0.479456;0.514804;AnkleRight-0.02723734;-0.1829918;-0.1876663;0;0;0;0;FootRight-0.07608823;0.1274562;0.8377632;0.01369321;0.9966622;0.0536702;-0.05997163;SpineShoulder-0.3141395;-0.4509369;0.7645122;0;0;0;0;HandTipLeft-0.3252291;-0.3768291;0.7807619;0;0;0;0;ThumbLeft0.04376312;-0.3748802;0.6449078;0;0;0;0;HandTipRight0.1245198;-0.3525593;0.6181428;0;0;0;0;ThumbRight
-0.09348065;-0.335386;0.7730286;0.01401644;0.9943284;0.08326999;-0.06465729;SpineBase-0.08288799;-0.06517187;0.8179253;0.01420038;0.9944688;0.08323881;-0.06246034;SpineMid-0.07352675;0.1887082;0.8436839;0.01924033;0.9971637;0.03953692;-0.06108421;Neck-0.07085248;0.3220671;0.7858557;0;0;0;0;Head-0.2440305;0.06353817;0.8463659;0.8202659;-0.5671859;-0.07010745;-0.02342635;ShoulderLeft-0.29925;-0.1718784;0.8082479;0.9896505;-0.1107863;-0.03797213;-0.08292279;ElbowLeft-0.311147;-0.3618884;0.7755954;-0.3482673;-0.06869637;0.9330333;0.05864762;WristLeft-0.3012601;-0.4043247;0.7726506;-0.3664576;-0.07363534;0.9227995;-0.09342282;HandLeft0.08642609;0.05145151;0.8030923;0.8406017;0.5319958;-0.03100572;-0.09699406;ShoulderRight0.1470644;-0.1551108;0.7574781;0.9413275;0.1029495;0.2885102;-0.1416545;ElbowRight0.09748336;-0.3190873;0.6579613;0.6624522;-0.2801268;0.6891993;-0.08769526;WristRight0.09022852;-0.3496525;0.6545094;0.6999809;-0.1206948;0.7025668;0.04312074;HandRight-0.1673487;-0.3207597;0.75594;-0.6361627;0.7574037;-0.02423532;0.145084;HipLeft-0.4015568;-0.5367994;0.8109588;-0.6176677;0.3368175;0.6727213;0.2290997;KneeLeft-0.6936975;-0.8139759;0.9127415;-0.5134308;0.3275459;0.7550089;0.2430311;AnkleLeft-0.7485148;-0.8245056;0.8122936;0;0;0;0;FootLeft-0.01285547;-0.3263067;0.7350408;0.6639807;0.7083366;-0.09195872;-0.2212069;HipRight-0.01489174;-0.2803143;0.3664358;-0.4616085;0.5400978;-0.4743537;0.5198081;KneeRight-0.01816561;-0.2332956;-0.0924906;-0.4684204;0.5344802;-0.4791905;0.5150628;AnkleRight-0.02753041;-0.1823769;-0.1889424;0;0;0;0;FootRight-0.07618391;0.1274402;0.8389788;0.01398212;0.9965259;0.05533674;-0.06064944;SpineShoulder-0.3147979;-0.4514669;0.7659207;0;0;0;0;HandTipLeft-0.3236507;-0.3713458;0.7829444;0;0;0;0;ThumbLeft0.04517024;-0.3726578;0.6447729;0;0;0;0;HandTipRight0.1145026;-0.3598908;0.6358275;0;0;0;0;ThumbRight
-0.09364054;-0.3356622;0.7733852;0.01390581;0.9942701;0.08376104;-0.06494361;SpineBase-0.08307139;-0.06531996;0.8185773;0.01409391;0.9944135;0.08372959;-0.06271022;SpineMid-0.07343107;0.1886103;0.8448831;0.01962431;0.9971287;0.03984433;-0.0613317;Neck-0.07086539;0.3222556;0.7871796;0;0;0;0;Head-0.2441968;0.06331842;0.8475569;0.8202442;-0.5670536;-0.07119241;-0.02411256;ShoulderLeft-0.2992783;-0.1718697;0.8092838;0.9889789;-0.1093636;-0.05243438;-0.08491758;ElbowLeft-0.3110706;-0.3616981;0.7755545;-0.4716007;-0.06270678;0.8769059;0.06853312;WristLeft-0.3010244;-0.4043304;0.7729354;-0.4946352;-0.08350454;0.860894;-0.0849978;HandLeft0.08634522;0.05118475;0.8040991;0.8409179;0.5313635;-0.03032766;-0.09792926;ShoulderRight0.1470504;-0.1551988;0.7574329;0.9421905;0.102951;0.2847009;-0.1436093;ElbowRight0.09790495;-0.3194322;0.658287;0.7319676;-0.2677587;0.6155334;-0.1168222;WristRight0.09079584;-0.3507482;0.6556121;0.7780337;-0.1130201;0.6169072;0.03626886;HandRight-0.167419;-0.3210737;0.7563207;-0.6362731;0.7572552;-0.02390952;0.1454282;HipLeft-0.4020854;-0.5359122;0.8115119;-0.6171267;0.3382946;0.6721726;0.2299899;KneeLeft-0.6963539;-0.8131292;0.9141006;-0.5119333;0.3285488;0.7551448;0.2444102;AnkleLeft-0.7514146;-0.8233619;0.8137385;0;0;0;0;FootLeft-0.01307323;-0.3265209;0.7353578;0.6637192;0.7084037;-0.09187498;-0.2218108;HipRight-0.01543523;-0.2804551;0.3671647;-0.4618118;0.5403218;-0.4739815;0.5197341;KneeRight-0.01917111;-0.2330862;-0.09361732;-0.4686449;0.5347274;-0.4787928;0.5149719;AnkleRight-0.02847587;-0.1820468;-0.1899293;0;0;0;0;FootRight-0.07613865;0.1273497;0.8401441;0.01447005;0.9964303;0.05666861;-0.06087609;SpineShoulder-0.3118455;-0.4531148;0.7665658;0;0;0;0;HandTipLeft-0.3239413;-0.3743795;0.7787175;0;0;0;0;ThumbLeft0.04731758;-0.3758121;0.6494791;0;0;0;0;HandTipRight0.1243528;-0.3537306;0.6184286;0;0;0;0;ThumbRight
-0.09372381;-0.3358963;0.7736991;0.01379126;0.994228;0.08428182;-0.06493902;SpineBase-0.08319295;-0.06544192;0.8192041;0.01400309;0.9943881;0.08424687;-0.06243946;SpineMid-0.07334214;0.1885478;0.846023;0.01988559;0.9971386;0.04026441;-0.06081095;Neck-0.0708508;0.3224602;0.7882742;0;0;0;0;Head-0.2442806;0.06311294;0.8483061;0.8203722;-0.5667858;-0.07140043;-0.02540237;ShoulderLeft-0.2992717;-0.1718653;0.8099353;0.9884396;-0.1084668;-0.06159169;-0.0861902;ElbowLeft-0.3111021;-0.3615502;0.775528;-0.4720746;-0.06418575;0.8764665;0.06951375;WristLeft-0.3006824;-0.4037138;0.7727101;-0.4968056;-0.08865536;0.8588152;-0.0880961;HandLeft0.08637659;0.05107934;0.8052145;0.8410379;0.5311223;-0.02922124;-0.0985418;ShoulderRight0.1470928;-0.1553701;0.7573685;0.9431592;0.1027002;0.2805384;-0.1456079;ElbowRight0.0984245;-0.3199195;0.6586719;0.6527699;-0.2781281;0.6996536;-0.08379275;WristRight0.09222516;-0.3513412;0.657353;0.6845083;-0.08185719;0.7222028;0.05631078;HandRight-0.167468;-0.3213212;0.7566163;-0.6363198;0.7571235;-0.02368669;0.1459454;HipLeft-0.4023914;-0.5349311;0.812696;-0.6173466;0.3407451;0.6709173;0.2294473;KneeLeft-0.6983753;-0.8119812;0.9169248;-0.5103651;0.3303122;0.7552823;0.244888;AnkleLeft-0.7537987;-0.8221902;0.8168033;0;0;0;0;FootLeft-0.01316872;-0.3267106;0.7356616;0.6635684;0.7084475;-0.09161013;-0.2222308;HipRight-0.01560733;-0.2809262;0.3677729;-0.462129;0.5401165;-0.4740133;0.5196365;KneeRight-0.01946143;-0.2336523;-0.09467173;-0.4689407;0.5345475;-0.4787989;0.5148838;AnkleRight-0.02864175;-0.1824982;-0.1909005;0;0;0;0;FootRight-0.07608247;0.1272908;0.841233;0.01487803;0.9963892;0.05784773;-0.06034033;SpineShoulder-0.3113317;-0.453608;0.7668964;0;0;0;0;HandTipLeft-0.3224336;-0.3782529;0.7774868;0;0;0;0;ThumbLeft0.04676977;-0.3739279;0.6485286;0;0;0;0;HandTipRight0.1117121;-0.3623855;0.643423;0;0;0;0;ThumbRight
-0.09377135;-0.3361256;0.7739844;0.0137605;0.9941797;0.08483078;-0.06497015;SpineBase-0.08323101;-0.06557754;0.8198121;0.01400125;0.9943601;0.08479137;-0.06214768;SpineMid-0.07313196;0.1884556;0.8471414;0.02021763;0.9971446;0.04084525;-0.06021291;Neck-0.07067955;0.3226067;0.7892249;0;0;0;0;Head-0.2443363;0.06291717;0.8489986;0.8204046;-0.5666656;-0.07150875;-0.02669708;ShoulderLeft-0.2988429;-0.1719136;0.8101063;0.9886174;-0.1077092;-0.05891031;-0.08697031;ElbowLeft-0.311269;-0.3614768;0.7755553;-0.1152318;-0.08553486;0.9887356;0.04251271;WristLeft-0.3004154;-0.4034944;0.7713356;-0.127244;-0.06456094;0.982673;-0.1182983;HandLeft0.08651721;0.05089366;0.806314;0.8412314;0.5307776;-0.02808502;-0.09907608;ShoulderRight0.147159;-0.1555728;0.7573347;0.9440035;0.1022751;0.2768191;-0.1475412;ElbowRight0.09885922;-0.3203412;0.6589627;0.7519128;-0.260838;0.5924107;-0.1250612;WristRight0.0934883;-0.3514061;0.6563735;0.7939798;-0.0928161;0.6005275;0.01865552;HandRight-0.1674807;-0.3215886;0.7568856;-0.6364866;0.7568959;-0.02345693;0.1464352;HipLeft-0.4013625;-0.5362732;0.8117972;-0.6171847;0.3376515;0.6724948;0.2298378;KneeLeft-0.6973076;-0.8158261;0.9150488;-0.511874;0.3280614;0.7555075;0.2440682;AnkleLeft-0.7524471;-0.8261005;0.8147223;0;0;0;0;FootLeft-0.01323194;-0.3268778;0.7359377;0.6633481;0.7085423;-0.09130023;-0.2227134;HipRight-0.01603172;-0.2815708;0.3682922;-0.4627718;0.5399823;-0.4740136;0.5192037;KneeRight-0.02038187;-0.234644;-0.09563759;-0.4695556;0.5344631;-0.4787495;0.5144566;AnkleRight-0.02936684;-0.1833797;-0.1918116;0;0;0;0;FootRight-0.0759145;0.1272031;0.8422809;0.01536882;0.9963524;0.05897573;-0.05972833;SpineShoulder-0.3086067;-0.450078;0.7618056;0;0;0;0;HandTipLeft-0.321299;-0.3740476;0.7765765;0;0;0;0;ThumbLeft0.04982455;-0.3755348;0.6511811;0;0;0;0;HandTipRight0.1272776;-0.3508934;0.6170416;0;0;0;0;ThumbRight
-0.09376377;-0.3362307;0.774132;0.0138406;0.9941791;0.08529073;-0.06435678;SpineBase-0.08318891;-0.06564746;0.8202261;0.01407342;0.9943511;0.08525262;-0.06164223;SpineMid-0.07286582;0.1883713;0.8479846;0.02051515;0.9971362;0.04143427;-0.05984683;Neck-0.07039046;0.3226928;0.7899803;0;0;0;0;Head-0.2443878;0.06280435;0.8498656;0.8202544;-0.566785;-0.07220274;-0.0269107;ShoulderLeft-0.298279;-0.1719765;0.8101234;0.9896548;-0.1082456;-0.03754953;-0.08634908;ElbowLeft-0.3061217;-0.3644427;0.7754862;-0.4962797;-0.06701127;0.8633689;0.0617259;WristLeft-0.2966797;-0.4061636;0.7671655;-0.5154944;-0.1394282;0.84437;-0.04318068;HandLeft0.08679159;0.05069495;0.8074078;0.8414664;0.5305212;-0.02678631;-0.09881311;ShoulderRight0.1472479;-0.155826;0.7572599;0.9448574;0.1015901;0.2731001;-0.1494667;ElbowRight0.09952483;-0.320922;0.6592984;0.9555398;-0.1432383;0.06514194;-0.2493654;WristRight0.1249364;-0.3314202;0.6605755;0.3948254;0.2884371;0.7313142;-0.4754959;HandRight-0.1674627;-0.3216532;0.7569518;-0.6362924;0.7569129;-0.02353919;0.1471759;HipLeft-0.4082962;-0.4389859;0.8063205;0.5850968;-0.4389178;-0.610758;-0.3032943;KneeLeft-0.8228359;-0.6565799;0.9383531;-0.4486874;0.3997294;0.7227307;0.3414034;AnkleLeft-0.8700394;-0.6441363;0.8349202;0;0;0;0;FootLeft-0.01324104;-0.3270144;0.7361865;0.6635382;0.7084531;-0.09068966;-0.2226806;HipRight-0.01620284;-0.2816398;0.3692963;-0.4627563;0.540216;-0.473803;0.5191666;KneeRight-0.02079922;-0.2344434;-0.0959361;-0.4695852;0.5346791;-0.4785683;0.5143737;AnkleRight-0.02966059;-0.1830423;-0.1920647;0;0;0;0;FootRight-0.07568682;0.1271374;0.843054;0.01581029;0.9963123;0.05991039;-0.05935134;SpineShoulder-0.3078046;-0.4479;0.7591707;0;0;0;0;HandTipLeft-0.3226833;-0.3738697;0.7749678;0;0;0;0;ThumbLeft0.1449172;-0.3602756;0.616376;0;0;0;0;HandTipRight0.1657525;-0.3139647;0.6438236;0;0;0;0;ThumbRight
-0.09393891;-0.3430808;0.7962267;0.01531123;0.9950589;0.05926959;-0.07816994;SpineBase-0.08292683;-0.0680361;0.8282508;0.01588452;0.9957693;0.05911852;-0.06852946;SpineMid-0.07249383;0.1882039;0.8489109;0.020151;0.9975412;0.03182367;-0.05909882;Neck-0.07001588;0.3227734;0.790727;0;0;0;0;Head-0.2442771;0.0626941;0.8501377;0.8206874;-0.5679684;-0.05784601;-0.02319421;ShoulderLeft-0.2978688;-0.1720606;0.8101879;0.9787641;-0.09691577;-0.1513496;-0.09859765;ElbowLeft-0.3100988;-0.3606068;0.7689654;-0.4626189;-0.08010842;0.8794702;0.0780929;WristLeft-0.2977353;-0.4017028;0.7664503;-0.4962057;-0.09854755;0.8554305;-0.1109366;HandLeft0.08714102;0.0505215;0.8083681;0.8404923;0.5320541;-0.03948139;-0.09451073;ShoulderRight0.1472577;-0.1558712;0.7572613;0.9454774;0.1006675;0.270382;-0.1511037;ElbowRight0.100389;-0.3213708;0.6597083;0.02936703;-0.2610466;0.957916;0.115711;WristRight0.1256952;-0.330625;0.6609109;0.3708926;0.2833487;0.7307469;-0.4981579;HandRight-0.1676417;-0.3283778;0.7810972;-0.6349388;0.7628381;-0.03097085;0.1182009;HipLeft-0.4071999;-0.5506869;0.790494;-0.5768418;0.2637717;0.7121975;0.3007535;KneeLeft-0.7090494;-0.8383665;0.8362384;-0.5532871;0.2835617;0.7326472;0.2769372;AnkleLeft-0.7519345;-0.842886;0.7270875;0;0;0;0;FootLeft-0.01347353;-0.3340276;0.7562336;0.6610367;0.7105079;-0.1136149;-0.2128394;HipRight-0.03928558;-0.2723769;0.3934307;-0.4643319;0.5681726;-0.448149;0.5106254;KneeRight-0.07590338;-0.2076388;-0.0625825;-0.4746728;0.5629569;-0.4523591;0.5031268;AnkleRight-0.07895122;-0.1596321;-0.1622451;0;0;0;0;FootRight-0.07520706;0.1266647;0.8451396;0.0171793;0.9971386;0.04431181;-0.05878801;SpineShoulder-0.3078951;-0.4483624;0.7600368;0;0;0;0;HandTipLeft-0.3216333;-0.373746;0.7741736;0;0;0;0;ThumbLeft0.1389858;-0.3591995;0.6167952;0;0;0;0;HandTipRight0.167021;-0.3196289;0.6425861;0;0;0;0;ThumbRight
-0.08914141;-0.324024;0.7872021;0.009151731;0.995338;0.07881616;-0.05483295;SpineBase-0.08207534;-0.06428158;0.8282107;0.009308224;0.9954448;0.07879783;-0.05285634;SpineMid-0.07242269;0.1882634;0.8500004;0.01963769;0.9979025;0.03343687;-0.05183665;Neck-0.0693263;0.3227695;0.7914777;0;0;0;0;Head-0.2424511;0.06559832;0.8517095;0.817986;-0.5718102;-0.05883079;-0.02169964;ShoulderLeft-0.2661644;-0.1492659;0.7964031;0.257528;-0.1347388;0.9566364;0.01927425;ElbowLeft-0.3190982;-0.3317405;0.7686726;0.9856357;-0.1348217;-0.06075432;-0.08157346;WristLeft-0.3159712;-0.3275044;0.7741185;0.2109195;0.881609;0.4194044;-0.04877003;HandLeft0.09115925;0.05985832;0.8156471;0.8273293;0.554827;-0.02539465;-0.0839541;ShoulderRight0.1472565;-0.1558329;0.7572565;0.8553616;0.04391537;0.4862706;-0.1731158;ElbowRight0.1570442;-0.3230647;0.6530588;0.9224454;0.1019702;-0.2700706;-0.2564341;WristRight0.1473904;-0.3223941;0.6579525;0.6768915;-0.5921057;0.1043831;0.4246561;HandRight-0.1659048;-0.3076412;0.7686426;-0.6305548;0.7614615;-0.0290111;0.1474289;HipLeft-0.4099568;-0.5235478;0.7840247;-0.5998124;0.2895015;0.6864079;0.2919899;KneeLeft-0.7162023;-0.8016855;0.8373087;-0.5422378;0.2951311;0.7344274;0.2819437;AnkleLeft-0.7610779;-0.805158;0.7291845;0;0;0;0;FootLeft-0.006010936;-0.3168917;0.7495979;0.6727618;0.7036539;-0.09178775;-0.2093748;HipRight-0.03143525;-0.2525032;0.3881421;-0.4661843;0.5649721;-0.4418074;0.5179622;KneeRight-0.06775505;-0.1848054;-0.06715529;-0.4767811;0.5598772;-0.4465103;0.5097508;AnkleRight-0.06951789;-0.1346289;-0.164831;0;0;0;0;FootRight-0.07503568;0.1271953;0.8460375;0.01589866;0.9974281;0.04725946;-0.05148921;SpineShoulder-0.3105566;-0.3819919;0.7354352;0;0;0;0;HandTipLeft-0.3163858;-0.3164235;0.7830606;0;0;0;0;ThumbLeft0.1521837;-0.3576959;0.6194442;0;0;0;0;HandTipRight0.1883334;-0.3301393;0.6535;0;0;0;0;ThumbRight
-0.08963533;-0.3278931;0.7830992;0.01004264;0.9949225;0.08476298;-0.05332602;SpineBase-0.08187496;-0.06440642;0.827911;0.01014599;0.9949868;0.08475068;-0.05211276;SpineMid-0.07175285;0.1881031;0.850965;0.02101239;0.9977419;0.03696181;-0.05199333;Neck-0.06868657;0.3227571;0.7921408;0;0;0;0;Head-0.2423014;0.06513504;0.851945;0.8182691;-0.5712084;-0.06000829;-0.02357464;ShoulderLeft-0.2849493;-0.1655685;0.8056076;0.8952989;-0.03933205;-0.4251959;-0.1268912;ElbowLeft-0.3159544;-0.3513932;0.7641363;-0.09064674;-0.1006159;0.9866274;0.09069735;WristLeft-0.2961991;-0.4058084;0.7626436;-0.09828325;-0.03030782;0.9798827;-0.1710318;HandLeft0.09113353;0.05774115;0.8155996;0.8304452;0.5498685;-0.02468413;-0.08600038;ShoulderRight0.1472937;-0.1558852;0.7572468;0.8709241;0.05029082;0.4571882;-0.1730345;ElbowRight0.1529892;-0.3238539;0.6539798;0.7523628;-0.157849;0.5997609;-0.2220829;WristRight0.1475256;-0.3466784;0.646967;0.7855791;-0.1782292;0.5905702;-0.04823502;HandRight-0.1652469;-0.3121523;0.7641993;-0.6326293;0.7584554;-0.02821215;0.154044;HipLeft-0.4394461;-0.4774999;0.8084934;0.5958989;-0.3918042;-0.6329826;-0.3012093;KneeLeft-0.7857753;-0.6961405;0.8984407;-0.4857248;0.3658154;0.7244124;0.3247726;AnkleLeft-0.8394331;-0.6938459;0.794983;0;0;0;0;FootLeft-0.007440255;-0.3201866;0.7459871;0.670681;0.7048354;-0.08726896;-0.2139587;HipRight-0.0368441;-0.2605635;0.3844446;-0.4725069;0.564348;-0.4423124;0.5124532;KneeRight-0.07831574;-0.1970891;-0.07397714;-0.4821207;0.5599176;-0.4463811;0.5047729;AnkleRight-0.07962383;-0.1467696;-0.171525;0;0;0;0;FootRight-0.07455555;0.1270948;0.8465827;0.01649754;0.9973044;0.04947048;-0.05161885;SpineShoulder-0.3025328;-0.443237;0.7535457;0;0;0;0;HandTipLeft-0.3126144;-0.3775893;0.7665417;0;0;0;0;ThumbLeft0.1460599;-0.3652498;0.6234996;0;0;0;0;HandTipRight0.1781114;-0.3451863;0.628931;0;0;0;0;ThumbRight
-0.09067151;-0.3374957;0.7952046;0.01237961;0.9951739;0.06623394;-0.07133593;SpineBase-0.08133192;-0.06601059;0.8308381;0.01304166;0.9958377;0.06610677;-0.06137572;SpineMid-0.07122388;0.1880509;0.8514391;0.02028318;0.9979315;0.03216249;-0.05183555;Neck-0.06789375;0.322855;0.7926912;0;0;0;0;Head-0.2419755;0.06468602;0.8519794;0.8187757;-0.5710367;-0.05461083;-0.02325967;ShoulderLeft-0.2859516;-0.1666867;0.805981;0.9652055;-0.06812863;-0.224668;-0.1151571;ElbowLeft-0.3116089;-0.3533313;0.7641715;-0.4643469;-0.06513;0.8763328;0.110367;WristLeft-0.2932907;-0.4053456;0.7606952;-0.5203557;-0.1159721;0.8366027;-0.1260014;HandLeft0.09138446;0.05604323;0.8155834;0.8324026;0.5466859;-0.02999908;-0.08567721;ShoulderRight0.1473248;-0.15591;0.7572383;0.8880683;0.05703645;0.4225111;-0.1719475;ElbowRight0.1473015;-0.324602;0.6550413;0.6936558;-0.1866601;0.6681962;-0.193684;WristRight0.1470272;-0.3470309;0.6471563;0.7114875;-0.120651;0.6822419;-0.1173665;HandRight-0.1655159;-0.3227629;0.7792764;-0.6361246;0.7606039;-0.02853588;0.1265421;HipLeft-0.4145685;-0.5320438;0.7913721;-0.575794;0.2839663;0.6999316;0.3129221;KneeLeft-0.7277997;-0.8033159;0.840434;-0.5442641;0.2994162;0.7272118;0.2920438;AnkleLeft-0.7716709;-0.8061843;0.7313682;0;0;0;0;FootLeft-0.009148947;-0.3289101;0.756067;0.6645015;0.7089224;-0.1057315;-0.2113943;HipRight-0.0362629;-0.265884;0.3953645;-0.4658908;0.568077;-0.4439808;0.5129478;KneeRight-0.07478492;-0.1999361;-0.05795436;-0.4766875;0.5628312;-0.4483759;0.504925;AnkleRight-0.07633105;-0.1510055;-0.1579919;0;0;0;0;FootRight-0.07391384;0.1268374;0.8476273;0.01690488;0.997545;0.04431352;-0.05152076;SpineShoulder-0.2988752;-0.4415593;0.7512673;0;0;0;0;HandTipLeft-0.313999;-0.3792773;0.7651799;0;0;0;0;ThumbLeft0.1697347;-0.3667404;0.6233035;0;0;0;0;HandTipRight0.1871144;-0.3316779;0.6496429;0;0;0;0;ThumbRight
-0.0874704;-0.3242603;0.7873011;0.00931919;0.9952701;0.08155531;-0.05195546;SpineBase-0.08031562;-0.06307863;0.8300239;0.009497215;0.9953811;0.08153477;-0.04978251;SpineMid-0.07093389;0.1880973;0.8519634;0.01994749;0.9980638;0.03331139;-0.04859064;Neck-0.06705602;0.3227915;0.7931113;0;0;0;0;Head-0.2401839;0.06666867;0.852339;0.8170412;-0.5733118;-0.05617928;-0.02452007;ShoulderLeft-0.2714016;-0.1542516;0.798961;0.2225912;-0.1298567;0.9653741;0.0405375;ElbowLeft-0.3162672;-0.3379476;0.763718;-0.09753071;-0.08057092;0.9838638;0.1265235;WristLeft-0.2966516;-0.3961169;0.7621713;-0.108472;-0.0304802;0.9807499;-0.1594817;HandLeft0.09388445;0.06035963;0.8184111;0.8260992;0.5569391;-0.02253517;-0.08289228;ShoulderRight0.1474393;-0.1555064;0.7574002;0.8654778;0.03987166;0.4679181;-0.1743878;ElbowRight0.1540904;-0.3233923;0.6543697;0.6307896;-0.193631;0.7266445;-0.1913091;WristRight0.1490652;-0.3451717;0.6483341;0.7218367;-0.1707714;0.6703022;-0.0219951;HandRight-0.163976;-0.3076256;0.7683818;-0.6292033;0.7617753;-0.02901518;0.1515245;HipLeft-0.3993178;-0.5292364;0.7904721;-0.6120867;0.2916853;0.6836132;0.2700787;KneeLeft-0.6977249;-0.8172254;0.8528461;-0.5442548;0.2948229;0.7396905;0.2640531;AnkleLeft-0.7437502;-0.8238058;0.7453292;0;0;0;0;FootLeft-0.004677864;-0.3175754;0.7501724;0.6747725;0.701983;-0.08913273;-0.2096601;HipRight-0.02742077;-0.2520121;0.39003;-0.4633282;0.564261;-0.4426592;0.5205665;KneeRight-0.06035689;-0.1825589;-0.06805033;-0.4740173;0.558817;-0.4478212;0.512335;AnkleRight-0.06222906;-0.1317132;-0.1657578;0;0;0;0;FootRight-0.07356313;0.1272145;0.8480212;0.01538015;0.997569;0.04790699;-0.0482132;SpineShoulder-0.3065139;-0.4451413;0.7549539;0;0;0;0;HandTipLeft-0.3111776;-0.3636302;0.76815;0;0;0;0;ThumbLeft0.1469573;-0.3633341;0.6214851;0;0;0;0;HandTipRight0.189362;-0.3331274;0.6518888;0;0;0;0;ThumbRight
-0.08769663;-0.3278783;0.7822528;0.01050655;0.9948403;0.08791389;-0.04953362;SpineBase-0.07973893;-0.06337767;0.8289767;0.01058268;0.9948828;0.08790476;-0.0486721;SpineMid-0.07001498;0.1880109;0.8524439;0.0215363;0.9979226;0.03590268;-0.04896721;Neck-0.06611206;0.3228896;0.7937096;0;0;0;0;Head-0.2398904;0.06600812;0.8522558;0.817597;-0.5722201;-0.05816621;-0.02675885;ShoulderLeft-0.2799221;-0.1633261;0.8031588;-0.2031886;-0.08450216;0.9698791;0.1044434;ElbowLeft-0.3140586;-0.3485626;0.7626806;-0.08547042;-0.09796256;0.9866301;0.09828143;WristLeft-0.2937089;-0.4038672;0.75929;-0.09928154;-0.04670664;0.9790865;-0.171322;HandLeft0.09403148;0.05749604;0.8178155;0.830354;0.5502117;-0.02144565;-0.08555333;ShoulderRight0.1476811;-0.1555893;0.757444;0.8759905;0.04532181;0.4474185;-0.1743652;ElbowRight0.151649;-0.3238809;0.6550214;0.7658741;-0.1552641;0.5834957;-0.2210489;WristRight0.1484823;-0.3456414;0.6487251;0.7987667;-0.1386416;0.5810721;-0.07145254;HandRight-0.1631037;-0.3116531;0.7628909;-0.6302249;0.7594342;-0.0283721;0.1589697;HipLeft-0.3996268;-0.5287395;0.7939079;-0.6180984;0.3096677;0.6741521;0.2599598;KneeLeft-0.7013157;-0.8131763;0.8679919;-0.5336507;0.3062225;0.743551;0.2618716;AnkleLeft-0.7501715;-0.8202922;0.7621548;0;0;0;0;FootLeft-0.005809764;-0.3206919;0.7457311;0.6730685;0.7029455;-0.0838562;-0.2140432;HipRight-0.03090351;-0.2598477;0.3849328;-0.4684157;0.5627578;-0.4445636;0.5159978;KneeRight-0.06671294;-0.194805;-0.0759768;-0.4780737;0.5578823;-0.4492044;0.5083585;AnkleRight-0.06847663;-0.1436296;-0.1733346;0;0;0;0;FootRight-0.07285446;0.12716;0.848197;0.01552731;0.9973966;0.05103629;-0.04851812;SpineShoulder-0.2981027;-0.4436992;0.7491636;0;0;0;0;HandTipLeft-0.3114961;-0.3732346;0.7663613;0;0;0;0;ThumbLeft0.1455861;-0.3637969;0.6218524;0;0;0;0;HandTipRight0.1784341;-0.3438357;0.628;0;0;0;0;ThumbRight
-0.08764315;-0.3296191;0.7796544;0.01130175;0.9946256;0.09046015;-0.04908379;SpineBase-0.07915942;-0.06360785;0.8280315;0.01135968;0.9946568;0.09045288;-0.04844678;SpineMid-0.06917994;0.1879781;0.8527682;0.02247272;0.9978283;0.03779972;-0.04903912;Neck-0.06510925;0.3229788;0.7942343;0;0;0;0;Head-0.2394151;0.06541918;0.8520043;0.8182275;-0.5710649;-0.05961241;-0.02889705;ShoulderLeft-0.2816955;-0.1653741;0.8040079;0.9122604;-0.04253897;-0.3868056;-0.1278786;ElbowLeft-0.3127789;-0.3509497;0.7623849;-0.09085783;-0.1010825;0.986527;0.09105939;WristLeft-0.2929456;-0.4040652;0.7581517;-0.1081644;-0.05713321;0.9774512;-0.1721204;HandLeft0.09432486;0.05559821;0.8173506;0.8331802;0.5456206;-0.02030674;-0.08772945;ShoulderRight0.1478484;-0.155609;0.7574247;0.8801467;0.04758837;0.4389392;-0.1743832;ElbowRight0.1506116;-0.3239905;0.6551714;0.6472685;-0.1946318;0.7130012;-0.1865239;WristRight0.1485254;-0.3458073;0.648851;0.680295;-0.1334847;0.7179403;-0.062788;HandRight-0.1625949;-0.3134367;0.760253;-0.6300314;0.7591129;-0.02762218;0.161385;HipLeft-0.3987967;-0.5290499;0.7952256;-0.6205709;0.3164519;0.6708105;0.2544859;KneeLeft-0.7017561;-0.813382;0.8747916;-0.5291801;0.3105176;0.7456738;0.2598421;AnkleLeft-0.7518829;-0.8208857;0.7698432;0;0;0;0;FootLeft-0.006180466;-0.3222662;0.7433362;0.6724651;0.7031264;-0.08191435;-0.2160877;HipRight-0.03163307;-0.2614928;0.382763;-0.4684303;0.5632823;-0.4446038;0.5153773;KneeRight-0.06801651;-0.1958141;-0.08040944;-0.4778181;0.5585605;-0.4491131;0.5079345;AnkleRight-0.06970145;-0.1444016;-0.1772398;0;0;0;0;FootRight-0.07214542;0.1271399;0.8482956;0.01570742;0.9972534;0.05369487;-0.04853671;SpineShoulder-0.2970675;-0.4401308;0.7492284;0;0;0;0;HandTipLeft-0.3116398;-0.3735387;0.7665138;0;0;0;0;ThumbLeft0.1480141;-0.3643115;0.6231498;0;0;0;0;HandTipRight0.1886217;-0.3350024;0.6501667;0;0;0;0;ThumbRight
-0.08745182;-0.3306161;0.7779794;0.01207784;0.994582;0.09179173;-0.04727626;SpineBase-0.0785723;-0.06375878;0.8272444;0.01204121;0.994563;0.09179654;-0.04767317;SpineMid-0.06833496;0.1879674;0.8530535;0.02309431;0.9977325;0.03947072;-0.04938207;Neck-0.06414023;0.3230063;0.7944984;0;0;0;0;Head-0.239052;0.06504069;0.8519781;0.8184663;-0.5704827;-0.06116636;-0.03034903;ShoulderLeft-0.28269;-0.1666203;0.8045084;0.9366831;-0.0541026;-0.3229771;-0.12403;ElbowLeft-0.3120187;-0.3523188;0.7620611;-0.1029058;-0.1025623;0.9854754;0.08791751;WristLeft-0.2917789;-0.4057041;0.7579433;-0.1213011;-0.05850266;0.9755008;-0.1739585;HandLeft0.09469505;0.05420652;0.816945;0.83529;0.5421133;-0.01947252;-0.08958019;ShoulderRight0.1480391;-0.1556213;0.7574373;0.8827545;0.04900938;0.4335911;-0.174188;ElbowRight0.150036;-0.3240993;0.6554021;0.6943325;-0.1825734;0.6675035;-0.1975051;WristRight0.1482802;-0.3460746;0.6481218;0.7206781;-0.1365339;0.6737175;-0.08992384;HandRight-0.1620732;-0.3144655;0.7582756;-0.6298978;0.75864;-0.02857132;0.1639447;HipLeft-0.3517669;-0.5699835;0.7922466;-0.6441119;0.2533622;0.6959266;0.191347;KneeLeft-0.5982104;-0.9065458;0.8712838;-0.5653037;0.2619032;0.759469;0.1872042;AnkleLeft-0.6439807;-0.9252119;0.7665051;0;0;0;0;FootLeft-0.006277357;-0.3231491;0.7420218;0.6720825;0.703587;-0.08000603;-0.2164936;HipRight-0.03208567;-0.2632617;0.3820529;-0.4690595;0.5632949;-0.4451195;0.5143449;KneeRight-0.06906117;-0.1980545;-0.08308743;-0.4782197;0.5586888;-0.4495605;0.5070189;AnkleRight-0.07078017;-0.146473;-0.1796489;0;0;0;0;FootRight-0.07138796;0.1271411;0.8483819;0.01600411;0.9971108;0.05593126;-0.04884218;SpineShoulder-0.2966189;-0.4426307;0.7494262;0;0;0;0;HandTipLeft-0.3121723;-0.3736441;0.766726;0;0;0;0;ThumbLeft0.1710364;-0.3660084;0.624051;0;0;0;0;HandTipRight0.1883217;-0.3322943;0.650125;0;0;0;0;ThumbRight
-0.08714382;-0.3312624;0.7769839;0.01261155;0.9945285;0.09236312;-0.0471484;SpineBase-0.07794861;-0.06390051;0.8266476;0.01256409;0.9945042;0.09236959;-0.04765939;SpineMid-0.06743668;0.1879244;0.8533113;0.02345412;0.9976616;0.04086293;-0.04951229;Neck-0.06302312;0.3231114;0.7947457;0;0;0;0;Head-0.2385349;0.06462346;0.8518424;0.818794;-0.5698245;-0.0621742;-0.03179111;ShoulderLeft-0.2831901;-0.1674981;0.8047652;0.9513541;-0.06227526;-0.2765225;-0.1207571;ElbowLeft-0.3113222;-0.3533532;0.7623082;-0.1005419;-0.1031067;0.9859576;0.08454535;WristLeft-0.2912668;-0.4061789;0.7591456;-0.1154489;-0.04938331;0.9764153;-0.1756301;HandLeft0.09512828;0.05364677;0.8167089;0.8362388;0.5404168;-0.01871894;-0.09112571;ShoulderRight0.1482462;-0.1556505;0.7573876;0.8838653;0.04929962;0.4313976;-0.173919;ElbowRight0.1499361;-0.3242349;0.6556049;0.7427992;-0.1673762;0.6134088;-0.2096764;WristRight0.1487241;-0.3457491;0.6490056;0.7694093;-0.1141669;0.6207532;-0.09818719;HandRight-0.1616548;-0.3151122;0.7572776;-0.6297979;0.758629;-0.02845471;0.1643988;HipLeft-0.3857525;-0.5392396;0.7980364;-0.6313598;0.310644;0.6723642;0.2298075;KneeLeft-0.6768426;-0.8377707;0.8860962;-0.5323078;0.305308;0.7529336;0.2377531;AnkleLeft-0.7279978;-0.849058;0.7826722;0;0;0;0;FootLeft-0.006105856;-0.3237312;0.7411052;0.671831;0.7037305;-0.07941584;-0.2170247;HipRight-0.03197897;-0.263925;0.381389;-0.4689285;0.5635728;-0.4453176;0.5139884;KneeRight-0.06914402;-0.1983542;-0.08559863;-0.4779575;0.5590159;-0.4497192;0.5067648;AnkleRight-0.07090916;-0.1466772;-0.1818362;0;0;0;0;FootRight-0.07054241;0.1271132;0.8484728;0.01647195;0.9969971;0.05769813;-0.04895256;SpineShoulder-0.2944054;-0.4426557;0.7507398;0;0;0;0;HandTipLeft-0.31148;-0.3738779;0.7665242;0;0;0;0;ThumbLeft0.1502938;-0.3644557;0.6233758;0;0;0;0;HandTipRight0.1822688;-0.3400377;0.6357831;0;0;0;0;ThumbRight
-0.08703344;-0.3315455;0.7762941;0.01327123;0.9944726;0.09256266;-0.04775314;SpineBase-0.07743614;-0.06393728;0.826093;0.01325628;0.9944648;0.0925648;-0.04791375;SpineMid-0.06658515;0.1878907;0.8534032;0.02389234;0.9976133;0.04188163;-0.04942425;Neck-0.06189343;0.3230922;0.7948593;0;0;0;0;Head-0.2377987;0.0641699;0.8514333;0.8194048;-0.5688089;-0.06262866;-0.03331402;ShoulderLeft-0.2834724;-0.1682366;0.8048989;0.9517524;-0.06474837;-0.2749172;-0.1199817;ElbowLeft-0.310891;-0.3540951;0.7620456;-0.1009204;-0.1043011;0.9859384;0.08283582;WristLeft-0.2893144;-0.4064437;0.7587398;-0.1181454;-0.05287687;0.9734108;-0.1889895;HandLeft0.0955831;0.05282585;0.8163314;0.8375239;0.538212;-0.01817112;-0.09247289;ShoulderRight0.1484912;-0.1556801;0.7573375;0.8847321;0.04972731;0.4296888;-0.1736199;ElbowRight0.1499437;-0.3243402;0.6557626;0.6510313;-0.1947715;0.7102591;-0.1837231;WristRight0.149175;-0.3454409;0.6488786;0.6723775;-0.1268817;0.723164;-0.09403978;HandRight-0.1616296;-0.3151616;0.7567301;-0.6287495;0.7596468;-0.02772567;0.1638362;HipLeft-0.359915;-0.5619237;0.7943174;-0.6411394;0.2706434;0.6899132;0.1992792;KneeLeft-0.6197871;-0.8908743;0.8788922;-0.5549039;0.2754769;0.7593901;0.1987984;AnkleLeft-0.6677364;-0.908137;0.7750678;0;0;0;0;FootLeft-0.005897057;-0.3242894;0.7402658;0.6729978;0.7024785;-0.07963823;-0.2173833;HipRight-0.03192202;-0.2645645;0.3811352;-0.4687494;0.5640525;-0.4454856;0.5134798;KneeRight-0.06943824;-0.1986313;-0.08752857;-0.477699;0.5595236;-0.4498507;0.5063311;AnkleRight-0.07118098;-0.1469023;-0.1835265;0;0;0;0;FootRight-0.06974892;0.1271105;0.8484447;0.01713353;0.9969105;0.05907462;-0.04884927;SpineShoulder-0.2983145;-0.4437634;0.7499209;0;0;0;0;HandTipLeft-0.3104396;-0.3739588;0.7657055;0;0;0;0;ThumbLeft0.1453849;-0.3634562;0.6212697;0;0;0;0;HandTipRight0.1871243;-0.3358413;0.6474644;0;0;0;0;ThumbRight
-0.08643957;-0.3318547;0.7756169;0.01365306;0.9944544;0.09270933;-0.04774031;SpineBase-0.0766205;-0.06394245;0.825545;0.01364192;0.9944486;0.09271097;-0.04785982;SpineMid-0.06571223;0.1879445;0.8534858;0.02353032;0.9975904;0.04275909;-0.04930904;Neck-0.06072943;0.3232715;0.7949923;0;0;0;0;Head-0.2370262;0.06386387;0.8511649;0.8198413;-0.568043;-0.06322876;-0.03449098;ShoulderLeft-0.2836267;-0.1687395;0.8051025;0.9536777;-0.06768872;-0.267896;-0.1189491;ElbowLeft-0.3100738;-0.3546386;0.7618375;-0.08600876;-0.1068324;0.9874102;0.07880627;WristLeft-0.2892004;-0.4073748;0.7586659;-0.09928596;-0.0472037;0.9768954;-0.1832744;HandLeft0.09603675;0.05219469;0.8161041;0.8387341;0.5361663;-0.01751206;-0.09350969;ShoulderRight0.1488094;-0.1556613;0.7572848;0.8859958;0.0502928;0.4270537;-0.173514;ElbowRight0.1500719;-0.324462;0.6560427;0.6488646;-0.1950636;0.7125694;-0.1821254;WristRight0.1493347;-0.3459832;0.6495928;0.6709391;-0.1178128;0.7270045;-0.08617041;HandRight-0.1611708;-0.3152573;0.7561104;-0.6278589;0.7604495;-0.02727608;0.1636024;HipLeft-0.3575127;-0.5624701;0.794654;-0.6421061;0.2700989;0.6901807;0.1959516;KneeLeft-0.6162143;-0.8937051;0.8809485;-0.5550789;0.2751577;0.7601914;0.1956649;AnkleLeft-0.6643184;-0.911592;0.7774474;0;0;0;0;FootLeft-0.00520448;-0.3248011;0.7395568;0.6738859;0.7016666;-0.07950782;-0.2173022;HipRight-0.03005194;-0.2662567;0.3806989;-0.4686037;0.5628093;-0.4473162;0.5133854;KneeRight-0.06592968;-0.2014401;-0.08980554;-0.4773469;0.5581912;-0.4517724;0.5064231;AnkleRight-0.0680998;-0.1495553;-0.1856087;0;0;0;0;FootRight-0.06883609;0.1271797;0.8484187;0.01731507;0.9968331;0.06040334;-0.04873875;SpineShoulder-0.2962613;-0.4435895;0.7503065;0;0;0;0;HandTipLeft-0.3094533;-0.3726463;0.767318;0;0;0;0;ThumbLeft0.1528125;-0.36283;0.6200371;0;0;0;0;HandTipRight0.1899681;-0.3337604;0.6518889;0;0;0;0;ThumbRight
-0.08624822;-0.3320759;0.7751999;0.0141377;0.994409;0.09282725;-0.0483107;SpineBase-0.07612646;-0.06396473;0.8252133;0.01414905;0.9944149;0.09282552;-0.0481891;SpineMid-0.06485859;0.1879743;0.8536221;0.02395088;0.9975387;0.04360415;-0.04941149;Neck-0.05955737;0.323294;0.7950073;0;0;0;0;Head-0.2362778;0.06366701;0.8510073;0.8201298;-0.5675164;-0.06369723;-0.03542617;ShoulderLeft-0.2837352;-0.1692372;0.8052295;0.9549869;-0.07008641;-0.2628523;-0.1183071;ElbowLeft-0.3095321;-0.3551367;0.761656;-0.09176151;-0.1073407;0.9869159;0.07781265;WristLeft-0.2875744;-0.4071832;0.7589529;-0.1057431;-0.04562796;0.974152;-0.1943308;HandLeft0.09662917;0.05155701;0.8158285;0.839736;0.5344255;-0.01724783;-0.09452658;ShoulderRight0.1491239;-0.1555735;0.7572759;0.8869335;0.05053313;0.4251983;-0.1732101;ElbowRight0.1502384;-0.3245268;0.6563948;0.7283254;-0.1719759;0.6315307;-0.2028187;WristRight0.149484;-0.3456745;0.6494102;0.7504806;-0.1161705;0.6413127;-0.109551;HandRight-0.1610762;-0.3152944;0.7558203;-0.6270642;0.7612498;-0.02662987;0.1630337;HipLeft-0.3560369;-0.5626704;0.7948864;-0.6421657;0.2694747;0.6908963;0.1940847;KneeLeft-0.6142094;-0.8957248;0.8823169;-0.5551365;0.2748583;0.760762;0.1936944;AnkleLeft-0.6624143;-0.913986;0.7790302;0;0;0;0;FootLeft-0.004904289;-0.3252471;0.7389978;0.6748353;0.7006419;-0.07975508;-0.2175715;HipRight-0.02903379;-0.2672735;0.3805411;-0.468254;0.5623291;-0.4484257;0.5132627;KneeRight-0.06397709;-0.2028305;-0.09155907;-0.4768839;0.5576587;-0.4529223;0.5064188;AnkleRight-0.06639493;-0.150854;-0.1871792;0;0;0;0;FootRight-0.06803928;0.1272187;0.848455;0.01803901;0.9967567;0.06136635;-0.04883381;SpineShoulder-0.2921955;-0.4415205;0.7493808;0;0;0;0;HandTipLeft-0.3098602;-0.3747667;0.7664521;0;0;0;0;ThumbLeft0.1527092;-0.3626631;0.6197535;0;0;0;0;HandTipRight0.1851958;-0.337768;0.6415338;0;0;0;0;ThumbRight
-0.08537322;-0.3324237;0.7744424;0.01431205;0.9943832;0.09292182;-0.048609;SpineBase-0.07512788;-0.06402317;0.8245553;0.01435068;0.9944032;0.09291585;-0.04819558;SpineMid-0.0639737;0.1879876;0.8534905;0.02328283;0.997542;0.04426679;-0.04907266;Neck-0.05837882;0.3233;0.7949171;0;0;0;0;Head-0.2351649;0.0634336;0.8504482;0.8205768;-0.566767;-0.06391501;-0.03665597;ShoulderLeft-0.2837025;-0.1699247;0.8052475;0.9550749;-0.0724903;-0.2622658;-0.1174465;ElbowLeft-0.3087115;-0.3558349;0.7613193;-0.1005019;-0.1077844;0.9860948;0.07680516;WristLeft-0.287012;-0.4067461;0.7579995;-0.1181272;-0.0544489;0.9722055;-0.1946734;HandLeft0.09726028;0.05106835;0.8154678;0.840615;0.5329123;-0.01659989;-0.09536934;ShoulderRight0.1495496;-0.1555269;0.7572209;0.8876972;0.05084017;0.4237447;-0.1727701;ElbowRight0.1504331;-0.3245733;0.6565865;0.6577597;-0.1923636;0.704969;-0.1826666;WristRight0.1498745;-0.3455393;0.6491914;0.6758791;-0.1315178;0.7173334;-0.1064105;HandRight-0.1603461;-0.3155243;0.7551579;-0.6266441;0.7617197;-0.02603151;0.1625502;HipLeft-0.3772871;-0.5416647;0.8009868;-0.6348881;0.3106038;0.6737475;0.2156541;KneeLeft-0.6647392;-0.8486839;0.897575;-0.5315818;0.3059078;0.757069;0.2251392;AnkleLeft-0.7170972;-0.8624954;0.7957221;0;0;0;0;FootLeft-0.003974805;-0.3256501;0.7381905;0.6750832;0.7003606;-0.07976892;-0.2177029;HipRight-0.02802044;-0.2677633;0.3799792;-0.4681558;0.5623548;-0.4485975;0.5131739;KneeRight-0.06288335;-0.2030917;-0.09357214;-0.4766814;0.5576812;-0.4530989;0.5064267;AnkleRight-0.06538986;-0.1510714;-0.1889436;0;0;0;0;FootRight-0.06707492;0.1272403;0.8482381;0.01790327;0.9967071;0.06246272;-0.04850738;SpineShoulder-0.2912456;-0.4407219;0.7502276;0;0;0;0;HandTipLeft-0.3098859;-0.3752931;0.7662122;0;0;0;0;ThumbLeft0.1490851;-0.3636123;0.6214666;0;0;0;0;HandTipRight0.1888556;-0.3336315;0.6501453;0;0;0;0;ThumbRight
-0.08477102;-0.3326049;0.7738549;0.01436264;0.9943663;0.09319615;-0.04841179;SpineBase-0.07449321;-0.06402742;0.8241546;0.01439166;0.9943814;0.09319168;-0.04810217;SpineMid-0.06339794;0.1879963;0.8535043;0.02290468;0.9975256;0.04483402;-0.04906946;Neck-0.0572063;0.3232692;0.7948096;0;0;0;0;Head-0.2345261;0.06330132;0.8502776;0.8207798;-0.5663741;-0.06439663;-0.03733614;ShoulderLeft-0.2836592;-0.1703219;0.8052624;0.9553494;-0.07383999;-0.2610188;-0.1171509;ElbowLeft-0.3082262;-0.3562108;0.7610819;-0.0969284;-0.1088439;0.9864495;0.07533498;WristLeft-0.2871291;-0.4067475;0.7574793;-0.1143263;-0.05614278;0.9733152;-0.1908792;HandLeft0.09786367;0.05078109;0.815245;0.8410264;0.5321526;-0.01618504;-0.09605392;ShoulderRight0.1500357;-0.1554567;0.7572151;0.8886226;0.05126908;0.4218933;-0.1724161;ElbowRight0.1506306;-0.3245782;0.6567906;0.7301222;-0.1717493;0.6299503;-0.2014606;WristRight0.1502716;-0.3462687;0.6504859;0.7524438;-0.09769832;0.6433481;-0.1019151;HandRight-0.1598164;-0.3155661;0.7545772;-0.6260589;0.7621719;-0.02573987;0.1627325;HipLeft-0.3590021;-0.5575081;0.7970961;-0.6413949;0.2811558;0.6863822;0.1960699;KneeLeft-0.624657;-0.8862599;0.8898306;-0.5483469;0.2839822;0.7610381;0.1987231;AnkleLeft-0.6744224;-0.9041429;0.7874819;0;0;0;0;FootLeft-0.003351324;-0.3259315;0.7376136;0.6755254;0.6999554;-0.07956009;-0.217711;HipRight-0.02676691;-0.2684608;0.379758;-0.4679753;0.5617669;-0.4493121;0.5133573;KneeRight-0.0607901;-0.2040154;-0.09521666;-0.476395;0.5570511;-0.453863;0.5067054;AnkleRight-0.06354561;-0.1519037;-0.1903977;0;0;0;0;FootRight-0.06645597;0.1272625;0.8481814;0.01781348;0.9966536;0.06333447;-0.04850892;SpineShoulder-0.2942909;-0.4410367;0.7504565;0;0;0;0;HandTipLeft-0.3087044;-0.3766824;0.765419;0;0;0;0;ThumbLeft0.1629008;-0.3631198;0.6194485;0;0;0;0;HandTipRight0.1878543;-0.3347545;0.6464265;0;0;0;0;ThumbRight
